
/*!40101 SET @OLD_CHARACTER_SET_CLIENT=@@CHARACTER_SET_CLIENT */;
/*!40101 SET @OLD_CHARACTER_SET_RESULTS=@@CHARACTER_SET_RESULTS */;
/*!40101 SET @OLD_COLLATION_CONNECTION=@@COLLATION_CONNECTION */;
/*!50503 SET NAMES utf8mb4 */;
/*!40103 SET @OLD_TIME_ZONE=@@TIME_ZONE */;
/*!40103 SET TIME_ZONE='+00:00' */;
/*!40014 SET @OLD_UNIQUE_CHECKS=@@UNIQUE_CHECKS, UNIQUE_CHECKS=0 */;
/*!40014 SET @OLD_FOREIGN_KEY_CHECKS=@@FOREIGN_KEY_CHECKS, FOREIGN_KEY_CHECKS=0 */;
/*!40101 SET @OLD_SQL_MODE=@@SQL_MODE, SQL_MODE='NO_AUTO_VALUE_ON_ZERO' */;
/*!40111 SET @OLD_SQL_NOTES=@@SQL_NOTES, SQL_NOTES=0 */;
DROP TABLE IF EXISTS `app_spend_categories`;
/*!40101 SET @saved_cs_client     = @@character_set_client */;
/*!50503 SET character_set_client = utf8mb4 */;
CREATE TABLE `app_spend_categories` (
  `id` bigint unsigned NOT NULL AUTO_INCREMENT,
  `title` varchar(255) CHARACTER SET utf8mb4 COLLATE utf8mb4_unicode_ci NOT NULL,
  `icon` varchar(255) CHARACTER SET utf8mb4 COLLATE utf8mb4_unicode_ci DEFAULT NULL,
  `budget` decimal(8,2) DEFAULT NULL,
  `created_at` timestamp NULL DEFAULT NULL,
  `updated_at` timestamp NULL DEFAULT NULL,
  PRIMARY KEY (`id`)
) ENGINE=InnoDB AUTO_INCREMENT=15 DEFAULT CHARSET=utf8mb4 COLLATE=utf8mb4_unicode_ci;
/*!40101 SET character_set_client = @saved_cs_client */;

LOCK TABLES `app_spend_categories` WRITE;
/*!40000 ALTER TABLE `app_spend_categories` DISABLE KEYS */;
INSERT INTO `app_spend_categories` VALUES (1,'Dlhy','credit-card',NULL,'2026-02-01 21:13:42','2026-02-01 21:13:42'),(2,'Potraviny','fork-knife',330.00,'2026-02-01 21:13:46','2026-02-01 21:13:46'),(3,'Bývanie','house',630.00,'2026-02-01 21:13:52','2026-02-01 21:13:52'),(4,'Lekáreň','capsule-pill',15.00,'2026-02-01 21:13:54','2026-02-01 21:14:00'),(5,'Mimi','heart-fill',65.00,'2026-02-01 21:14:11','2026-02-01 21:14:11'),(6,'Oblečenie','universal-access',NULL,'2026-02-01 21:14:15','2026-02-01 21:14:15'),(7,'Online','globe',25.00,'2026-02-01 21:14:19','2026-02-01 21:14:19'),(8,'Ostatné','three-dots',NULL,'2026-02-01 21:14:23','2026-02-01 21:14:23'),(9,'Pochutiny','cup-hot',NULL,'2026-02-01 21:14:27','2026-02-01 21:14:27'),(11,'Telefón','telephone',NULL,'2026-02-01 21:14:41','2026-02-01 21:14:41'),(13,'Drogéria','droplet',30.00,'2026-02-07 01:12:20','2026-02-07 01:12:20'),(14,'Auto','car-front-fill',100.00,'2026-02-08 00:56:38','2026-02-08 00:56:38');
/*!40000 ALTER TABLE `app_spend_categories` ENABLE KEYS */;
UNLOCK TABLES;
DROP TABLE IF EXISTS `app_spends`;
/*!40101 SET @saved_cs_client     = @@character_set_client */;
/*!50503 SET character_set_client = utf8mb4 */;
CREATE TABLE `app_spends` (
  `id` bigint unsigned NOT NULL AUTO_INCREMENT,
  `title` varchar(255) CHARACTER SET utf8mb4 COLLATE utf8mb4_unicode_ci NOT NULL,
  `amount` decimal(8,2) NOT NULL,
  `is_discretionary` tinyint(1) NOT NULL,
  `category_id` bigint unsigned NOT NULL,
  `date` date NOT NULL,
  `created_at` timestamp NULL DEFAULT NULL,
  `updated_at` timestamp NULL DEFAULT NULL,
  PRIMARY KEY (`id`),
  KEY `app_spends_category_id_foreign` (`category_id`),
  CONSTRAINT `app_spends_category_id_foreign` FOREIGN KEY (`category_id`) REFERENCES `app_spend_categories` (`id`) ON DELETE CASCADE
) ENGINE=InnoDB AUTO_INCREMENT=47 DEFAULT CHARSET=utf8mb4 COLLATE=utf8mb4_unicode_ci;
/*!40101 SET character_set_client = @saved_cs_client */;

LOCK TABLES `app_spends` WRITE;
/*!40000 ALTER TABLE `app_spends` DISABLE KEYS */;
INSERT INTO `app_spends` VALUES (1,'Obed Billa',5.05,0,2,'2026-02-06','2026-02-07 01:10:59','2026-02-07 01:10:59'),(2,'Toaletný papier',1.68,0,13,'2026-02-06','2026-02-07 01:12:45','2026-02-07 01:12:45'),(3,'Nákupná taška',0.59,0,8,'2026-02-06','2026-02-07 01:14:39','2026-02-07 01:14:39'),(4,'Strava na 6 dní',7.19,0,5,'2026-02-07','2026-02-07 11:03:04','2026-02-07 11:03:04'),(7,'Nájomné',600.00,0,3,'2026-02-07','2026-02-07 11:41:01','2026-02-07 11:41:01'),(8,'Nivea krém',1.95,1,13,'2026-02-07','2026-02-07 23:04:48','2026-02-07 23:04:48'),(9,'Pivo u Paťa',4.12,0,9,'2026-02-07','2026-02-07 23:08:20','2026-02-07 23:08:20'),(10,'Pôžička od Lenky',160.00,0,1,'2026-02-06','2026-02-08 00:16:44','2026-02-08 00:16:44'),(11,'Nákup na 3 dni',29.12,0,2,'2026-02-06','2026-02-08 00:19:35','2026-02-08 00:19:35'),(12,'Pivo a pukance',11.21,0,9,'2026-02-06','2026-02-08 00:20:31','2026-02-08 00:20:31'),(13,'Kofola 2l',1.70,1,9,'2026-02-08','2026-02-08 19:19:52','2026-02-08 19:19:52'),(14,'Substrát na sukulenty',3.69,0,8,'2026-02-08','2026-02-08 19:22:23','2026-02-08 19:22:23'),(15,'Nákup na 4 dni',20.06,0,2,'2026-02-08','2026-02-08 19:23:05','2026-02-08 19:23:05'),(16,'Zubná pasta',2.09,0,13,'2026-02-08','2026-02-08 19:23:37','2026-02-08 19:23:37'),(17,'Snickers',1.05,1,9,'2026-02-08','2026-02-08 19:26:29','2026-02-08 19:26:29'),(18,'Faktúra Telekom',32.80,0,11,'2026-02-08','2026-02-08 19:26:52','2026-02-08 19:26:52'),(19,'Voyo',7.99,1,7,'2026-02-08','2026-02-08 19:27:08','2026-02-08 19:27:08'),(20,'Test entry',1.68,0,13,'2026-01-06','2026-02-07 01:12:45','2026-02-07 01:12:45'),(21,'Kofola 2l',1.70,1,9,'2026-02-09','2026-02-09 20:55:35','2026-02-09 20:55:35'),(22,'Raňajky Lidl',1.38,1,2,'2026-02-10','2026-02-10 23:11:13','2026-02-10 23:11:13'),(23,'KitKat',1.09,1,9,'2026-02-10','2026-02-10 23:12:35','2026-02-10 23:12:35'),(24,'Nákup na spaghetti',11.65,0,2,'2026-02-10','2026-02-10 23:13:21','2026-02-10 23:13:21'),(25,'Mullermilch a Airwaves',2.38,1,9,'2026-02-09','2026-02-10 23:15:16','2026-02-10 23:15:16'),(26,'Milka Cheesecake 300g',5.69,1,9,'2026-02-09','2026-02-10 23:16:06','2026-02-10 23:16:06'),(27,'Deodorant Old Spice',4.99,0,13,'2026-02-09','2026-02-10 23:17:13','2026-02-10 23:17:13'),(28,'Raňajky Lidl',1.38,1,2,'2026-02-09','2026-02-10 23:17:50','2026-02-10 23:17:50'),(29,'Keksík z automatu',1.10,1,9,'2026-02-10','2026-02-10 23:19:20','2026-02-10 23:19:20'),(30,'Sanatorium účet',100.00,0,1,'2026-02-10','2026-02-10 23:19:58','2026-02-10 23:19:58'),(31,'Home Credit',136.56,0,1,'2026-02-10','2026-02-10 23:20:32','2026-02-10 23:20:32'),(32,'Poistka',178.70,0,14,'2026-02-10','2026-02-10 23:21:01','2026-02-10 23:21:01'),(33,'Úver 365',74.07,0,1,'2026-02-10','2026-02-10 23:21:22','2026-02-10 23:21:22'),(34,'Mc Donald',4.00,1,9,'2026-02-10','2026-02-10 23:22:03','2026-02-10 23:22:03'),(35,'Taška pudingová 2ks',1.38,1,2,'2026-02-11','2026-02-11 20:25:39','2026-02-11 20:25:39'),(36,'Kofola 2l',2.60,1,9,'2026-02-11','2026-02-11 20:26:02','2026-02-11 20:26:02'),(37,'Trenírky a ponožky',24.98,0,6,'2026-02-11','2026-02-11 20:26:40','2026-02-11 20:26:40'),(38,'Attack keksík',0.49,1,9,'2026-02-11','2026-02-11 20:27:07','2026-02-11 20:27:07'),(39,'Nákup na 4 dni',15.94,0,2,'2026-02-11','2026-02-11 20:28:25','2026-02-11 20:28:25'),(40,'Pivo a čipsy',3.11,1,9,'2026-02-11','2026-02-11 23:22:57','2026-02-11 23:22:57'),(41,'2ks Mačacie paštéty',3.18,0,5,'2026-02-12','2026-02-12 22:51:15','2026-02-12 22:51:15'),(42,'Káva s Lenkou',7.40,0,9,'2026-02-12','2026-02-12 22:51:46','2026-02-12 22:51:46'),(43,'2x Taška pudingová',1.38,1,2,'2026-02-12','2026-02-12 22:52:29','2026-02-12 22:52:29'),(44,'Denné menu Veglife',4.27,0,2,'2026-02-12','2026-02-12 22:53:00','2026-02-12 22:53:00'),(45,'Minerálka',0.54,0,9,'2026-02-12','2026-02-12 22:53:30','2026-02-12 22:53:30'),(46,'Syrová žemla a Mullermilch',2.54,1,9,'2026-02-12','2026-02-12 22:54:06','2026-02-12 22:54:06');
/*!40000 ALTER TABLE `app_spends` ENABLE KEYS */;
UNLOCK TABLES;
DROP TABLE IF EXISTS `cache`;
/*!40101 SET @saved_cs_client     = @@character_set_client */;
/*!50503 SET character_set_client = utf8mb4 */;
CREATE TABLE `cache` (
  `key` varchar(255) CHARACTER SET utf8mb4 COLLATE utf8mb4_unicode_ci NOT NULL,
  `value` mediumtext CHARACTER SET utf8mb4 COLLATE utf8mb4_unicode_ci NOT NULL,
  `expiration` int NOT NULL,
  PRIMARY KEY (`key`)
) ENGINE=InnoDB DEFAULT CHARSET=utf8mb4 COLLATE=utf8mb4_unicode_ci;
/*!40101 SET character_set_client = @saved_cs_client */;

LOCK TABLES `cache` WRITE;
/*!40000 ALTER TABLE `cache` DISABLE KEYS */;
INSERT INTO `cache` VALUES ('spending-cache-356a192b7913b04c54574d18c28d46e6395428ab','i:1;',1769984275),('spending-cache-356a192b7913b04c54574d18c28d46e6395428ab:timer','i:1769984275;',1769984275),('spending-cache-livewire-rate-limiter:1bda38332fbe875d3898d66b789c7daf81dad762','i:1;',1770467798),('spending-cache-livewire-rate-limiter:1bda38332fbe875d3898d66b789c7daf81dad762:timer','i:1770467798;',1770467798);
/*!40000 ALTER TABLE `cache` ENABLE KEYS */;
UNLOCK TABLES;
DROP TABLE IF EXISTS `cache_locks`;
/*!40101 SET @saved_cs_client     = @@character_set_client */;
/*!50503 SET character_set_client = utf8mb4 */;
CREATE TABLE `cache_locks` (
  `key` varchar(255) CHARACTER SET utf8mb4 COLLATE utf8mb4_unicode_ci NOT NULL,
  `owner` varchar(255) CHARACTER SET utf8mb4 COLLATE utf8mb4_unicode_ci NOT NULL,
  `expiration` int NOT NULL,
  PRIMARY KEY (`key`)
) ENGINE=InnoDB DEFAULT CHARSET=utf8mb4 COLLATE=utf8mb4_unicode_ci;
/*!40101 SET character_set_client = @saved_cs_client */;

LOCK TABLES `cache_locks` WRITE;
/*!40000 ALTER TABLE `cache_locks` DISABLE KEYS */;
/*!40000 ALTER TABLE `cache_locks` ENABLE KEYS */;
UNLOCK TABLES;
DROP TABLE IF EXISTS `exports`;
/*!40101 SET @saved_cs_client     = @@character_set_client */;
/*!50503 SET character_set_client = utf8mb4 */;
CREATE TABLE `exports` (
  `id` bigint unsigned NOT NULL AUTO_INCREMENT,
  `completed_at` timestamp NULL DEFAULT NULL,
  `file_disk` varchar(255) CHARACTER SET utf8mb4 COLLATE utf8mb4_unicode_ci NOT NULL,
  `file_name` varchar(255) CHARACTER SET utf8mb4 COLLATE utf8mb4_unicode_ci DEFAULT NULL,
  `exporter` varchar(255) CHARACTER SET utf8mb4 COLLATE utf8mb4_unicode_ci NOT NULL,
  `processed_rows` int unsigned NOT NULL DEFAULT '0',
  `total_rows` int unsigned NOT NULL,
  `successful_rows` int unsigned NOT NULL DEFAULT '0',
  `user_id` bigint unsigned NOT NULL,
  `created_at` timestamp NULL DEFAULT NULL,
  `updated_at` timestamp NULL DEFAULT NULL,
  PRIMARY KEY (`id`),
  KEY `exports_user_id_foreign` (`user_id`),
  CONSTRAINT `exports_user_id_foreign` FOREIGN KEY (`user_id`) REFERENCES `users` (`id`) ON DELETE CASCADE
) ENGINE=InnoDB DEFAULT CHARSET=utf8mb4 COLLATE=utf8mb4_unicode_ci;
/*!40101 SET character_set_client = @saved_cs_client */;

LOCK TABLES `exports` WRITE;
/*!40000 ALTER TABLE `exports` DISABLE KEYS */;
/*!40000 ALTER TABLE `exports` ENABLE KEYS */;
UNLOCK TABLES;
DROP TABLE IF EXISTS `failed_import_rows`;
/*!40101 SET @saved_cs_client     = @@character_set_client */;
/*!50503 SET character_set_client = utf8mb4 */;
CREATE TABLE `failed_import_rows` (
  `id` bigint unsigned NOT NULL AUTO_INCREMENT,
  `data` json NOT NULL,
  `import_id` bigint unsigned NOT NULL,
  `validation_error` text CHARACTER SET utf8mb4 COLLATE utf8mb4_unicode_ci,
  `created_at` timestamp NULL DEFAULT NULL,
  `updated_at` timestamp NULL DEFAULT NULL,
  PRIMARY KEY (`id`),
  KEY `failed_import_rows_import_id_foreign` (`import_id`),
  CONSTRAINT `failed_import_rows_import_id_foreign` FOREIGN KEY (`import_id`) REFERENCES `imports` (`id`) ON DELETE CASCADE
) ENGINE=InnoDB AUTO_INCREMENT=740 DEFAULT CHARSET=utf8mb4 COLLATE=utf8mb4_unicode_ci;
/*!40101 SET character_set_client = @saved_cs_client */;

LOCK TABLES `failed_import_rows` WRITE;
/*!40000 ALTER TABLE `failed_import_rows` DISABLE KEYS */;
INSERT INTO `failed_import_rows` VALUES (1,'{\"Suma\": \"7,49 €\", \"Dátum\": \"1.1.2026\", \"Názov\": \"Apple\", \"Kategória\": \"Online\"}',1,'The selected category is invalid.','2026-02-01 21:53:33','2026-02-01 21:53:33'),(2,'{\"Suma\": \"3,24 €\", \"Dátum\": \"2.1.2026\", \"Názov\": \"Kraj\", \"Kategória\": \"Potraviny\"}',1,'The selected category is invalid.','2026-02-01 21:53:33','2026-02-01 21:53:33'),(3,'{\"Suma\": \"1,84 €\", \"Dátum\": \"7.1.2026\", \"Názov\": \"Billa\", \"Kategória\": \"Potraviny\"}',1,'The selected category is invalid.','2026-02-01 21:53:33','2026-02-01 21:53:33'),(4,'{\"Suma\": \"600,00 €\", \"Dátum\": \"9.1.2026\", \"Názov\": \"Nájom\", \"Kategória\": \"Bývanie\"}',1,'The selected category is invalid.','2026-02-01 21:53:33','2026-02-01 21:53:33'),(5,'{\"Suma\": \"100,00 €\", \"Dátum\": \"9.1.2026\", \"Názov\": \"Lenka pôžička\", \"Kategória\": \"Dlhy\"}',1,'The selected category is invalid.','2026-02-01 21:53:33','2026-02-01 21:53:33'),(6,'{\"Suma\": \"74,07 €\", \"Dátum\": \"9.1.2026\", \"Názov\": \"365 splátka\", \"Kategória\": \"Dlhy\"}',1,'The selected category is invalid.','2026-02-01 21:53:33','2026-02-01 21:53:33'),(7,'{\"Suma\": \"32,80 €\", \"Dátum\": \"9.1.2026\", \"Názov\": \"Faktúra telefón\", \"Kategória\": \"Telefón\"}',1,'The selected category is invalid.','2026-02-01 21:53:33','2026-02-01 21:53:33'),(8,'{\"Suma\": \"20,85 €\", \"Dátum\": \"9.1.2026\", \"Názov\": \"Billa\", \"Kategória\": \"Potraviny\"}',1,'The selected category is invalid.','2026-02-01 21:53:33','2026-02-01 21:53:33'),(9,'{\"Suma\": \"5,67 €\", \"Dátum\": \"9.1.2026\", \"Názov\": \"Billa\", \"Kategória\": \"Potraviny\"}',1,'The selected category is invalid.','2026-02-01 21:53:33','2026-02-01 21:53:33'),(10,'{\"Suma\": \"136,56 €\", \"Dátum\": \"10.1.2026\", \"Názov\": \"Home Credit\", \"Kategória\": \"Dlhy\"}',1,'The selected category is invalid.','2026-02-01 21:53:33','2026-02-01 21:53:33'),(11,'{\"Suma\": \"2,05 €\", \"Dátum\": \"10.1.2026\", \"Názov\": \"Billa\", \"Kategória\": \"Potraviny\"}',1,'The selected category is invalid.','2026-02-01 21:53:33','2026-02-01 21:53:33'),(12,'{\"Suma\": \"20,00 €\", \"Dátum\": \"10.1.2026\", \"Názov\": \"365 Bank\", \"Kategória\": \"Výber z bankomatu\"}',1,'The selected category is invalid.','2026-02-01 21:53:33','2026-02-01 21:53:33'),(13,'{\"Suma\": \"10,84 €\", \"Dátum\": \"10.1.2026\", \"Názov\": \"\", \"Kategória\": \"Lekáreň\"}',1,'The title field is required. The selected category is invalid.','2026-02-01 21:53:33','2026-02-01 21:53:33'),(14,'{\"Suma\": \"6,30 €\", \"Dátum\": \"10.1.2026\", \"Názov\": \"Lidl\", \"Kategória\": \"Potraviny\"}',1,'The selected category is invalid.','2026-02-01 21:53:33','2026-02-01 21:53:33'),(15,'{\"Suma\": \"7,99 €\", \"Dátum\": \"11.1.2026\", \"Názov\": \"Voyo\", \"Kategória\": \"Online\"}',1,'The selected category is invalid.','2026-02-01 21:53:33','2026-02-01 21:53:33'),(16,'{\"Suma\": \"4,94 €\", \"Dátum\": \"11.1.2026\", \"Názov\": \"Tesco\", \"Kategória\": \"Potraviny\"}',1,'The selected category is invalid.','2026-02-01 21:53:33','2026-02-01 21:53:33'),(17,'{\"Suma\": \"2,04 €\", \"Dátum\": \"11.1.2026\", \"Názov\": \"Slovnaft\", \"Kategória\": \"Potraviny\"}',1,'The selected category is invalid.','2026-02-01 21:53:33','2026-02-01 21:53:33'),(18,'{\"Suma\": \"100,00 €\", \"Dátum\": \"11.1.2026\", \"Názov\": \"Sanatorium účet\", \"Kategória\": \"Dlhy\"}',1,'The selected category is invalid.','2026-02-01 21:53:33','2026-02-01 21:53:33'),(19,'{\"Suma\": \"6,13 €\", \"Dátum\": \"11.1.2026\", \"Názov\": \"Billa\", \"Kategória\": \"Potraviny\"}',1,'The selected category is invalid.','2026-02-01 21:53:33','2026-02-01 21:53:33'),(20,'{\"Suma\": \"2,90 €\", \"Dátum\": \"11.1.2026\", \"Názov\": \"Pet Center\", \"Kategória\": \"Mimi\"}',1,'The selected category is invalid.','2026-02-01 21:53:33','2026-02-01 21:53:33'),(21,'{\"Suma\": \"4,00 €\", \"Dátum\": \"12.1.2026\", \"Názov\": \"Hero Hero\", \"Kategória\": \"Online\"}',1,'The selected category is invalid.','2026-02-01 21:53:33','2026-02-01 21:53:33'),(22,'{\"Suma\": \"46,09 €\", \"Dátum\": \"12.1.2026\", \"Názov\": \"Billa\", \"Kategória\": \"Potraviny\"}',1,'The selected category is invalid.','2026-02-01 21:53:33','2026-02-01 21:53:33'),(23,'{\"Suma\": \"1,10 €\", \"Dátum\": \"12.1.2026\", \"Názov\": \"Automat na sladké\", \"Kategória\": \"Pochutiny\"}',1,'The selected category is invalid.','2026-02-01 21:53:33','2026-02-01 21:53:33'),(24,'{\"Suma\": \"30,00 €\", \"Dátum\": \"12.1.2026\", \"Názov\": \"Prevod na Revolut\", \"Kategória\": \"Prevod na iný účet\"}',1,'The selected category is invalid.','2026-02-01 21:53:33','2026-02-01 21:53:33'),(25,'{\"Suma\": \"5,99 €\", \"Dátum\": \"12.1.2026\", \"Názov\": \"Badoo\", \"Kategória\": \"Online\"}',1,'The selected category is invalid.','2026-02-01 21:53:33','2026-02-01 21:53:33'),(26,'{\"Suma\": \"11,99 €\", \"Dátum\": \"12.1.2026\", \"Názov\": \"Voyo\", \"Kategória\": \"Online\"}',1,'The selected category is invalid.','2026-02-01 21:53:33','2026-02-01 21:53:33'),(27,'{\"Suma\": \"8,80 €\", \"Dátum\": \"12.1.2026\", \"Názov\": \"Veterina odčervenie\", \"Kategória\": \"Mimi\"}',1,'The selected category is invalid.','2026-02-01 21:53:33','2026-02-01 21:53:33'),(28,'{\"Suma\": \"5,49 €\", \"Dátum\": \"12.1.2026\", \"Názov\": \"Obi\", \"Kategória\": \"Ostatné\"}',1,'The selected category is invalid.','2026-02-01 21:53:33','2026-02-01 21:53:33'),(29,'{\"Suma\": \"1,59 €\", \"Dátum\": \"12.1.2026\", \"Názov\": \"Pet Center\", \"Kategória\": \"Mimi\"}',1,'The selected category is invalid.','2026-02-01 21:53:33','2026-02-01 21:53:33'),(30,'{\"Suma\": \"0,98 €\", \"Dátum\": \"12.1.2026\", \"Názov\": \"Lidl\", \"Kategória\": \"Potraviny\"}',1,'The selected category is invalid.','2026-02-01 21:53:33','2026-02-01 21:53:33'),(31,'{\"Suma\": \"19,90 €\", \"Dátum\": \"12.1.2026\", \"Názov\": \"Firmáreň\", \"Kategória\": \"Ostatné\"}',1,'The selected category is invalid.','2026-02-01 21:53:33','2026-02-01 21:53:33'),(32,'{\"Suma\": \"78,53 €\", \"Dátum\": \"13.1.2026\", \"Názov\": \"Predoperačné vyšetrenie\", \"Kategória\": \"Mimi\"}',1,'The selected category is invalid.','2026-02-01 21:53:33','2026-02-01 21:53:33'),(33,'{\"Suma\": \"5,38 €\", \"Dátum\": \"13.1.2026\", \"Názov\": \"Billa\", \"Kategória\": \"Potraviny\"}',1,'The selected category is invalid.','2026-02-01 21:53:33','2026-02-01 21:53:33'),(34,'{\"Suma\": \"15,76 €\", \"Dátum\": \"13.1.2026\", \"Názov\": \"Billa\", \"Kategória\": \"Potraviny\"}',1,'The selected category is invalid.','2026-02-01 21:53:33','2026-02-01 21:53:33'),(35,'{\"Suma\": \"2,99 €\", \"Dátum\": \"13.1.2026\", \"Názov\": \"Kraj\", \"Kategória\": \"Potraviny\"}',1,'The selected category is invalid.','2026-02-01 21:53:33','2026-02-01 21:53:33'),(36,'{\"Suma\": \"2,73 €\", \"Dátum\": \"13.1.2026\", \"Názov\": \"Kraj\", \"Kategória\": \"Potraviny\"}',1,'The selected category is invalid.','2026-02-01 21:53:33','2026-02-01 21:53:33'),(37,'{\"Suma\": \"9,00 €\", \"Dátum\": \"14.1.2026\", \"Názov\": \"Káva Martinus\", \"Kategória\": \"Pochutiny\"}',1,'The selected category is invalid.','2026-02-01 21:53:33','2026-02-01 21:53:33'),(38,'{\"Suma\": \"10,59 €\", \"Dátum\": \"14.1.2026\", \"Názov\": \"Dr. Max\", \"Kategória\": \"Lekáreň\"}',1,'The selected category is invalid.','2026-02-01 21:53:33','2026-02-01 21:53:33'),(39,'{\"Suma\": \"2,11 €\", \"Dátum\": \"14.1.2026\", \"Názov\": \"Billa\", \"Kategória\": \"Potraviny\"}',1,'The selected category is invalid.','2026-02-01 21:53:33','2026-02-01 21:53:33'),(40,'{\"Suma\": \"3,79 €\", \"Dátum\": \"14.1.2026\", \"Názov\": \"Tesco\", \"Kategória\": \"Potraviny\"}',1,'The selected category is invalid.','2026-02-01 21:53:33','2026-02-01 21:53:33'),(41,'{\"Suma\": \"1,99 €\", \"Dátum\": \"15.1.2026\", \"Názov\": \"Kraj\", \"Kategória\": \"Potraviny\"}',1,'The selected category is invalid.','2026-02-01 21:53:33','2026-02-01 21:53:33'),(42,'{\"Suma\": \"2,50 €\", \"Dátum\": \"15.1.2026\", \"Názov\": \"Bunda\", \"Kategória\": \"Oblečenie\"}',1,'The selected category is invalid.','2026-02-01 21:53:33','2026-02-01 21:53:33'),(43,'{\"Suma\": \"1,10 €\", \"Dátum\": \"15.1.2026\", \"Názov\": \"Automat na sladké\", \"Kategória\": \"Pochutiny\"}',1,'The selected category is invalid.','2026-02-01 21:53:33','2026-02-01 21:53:33'),(44,'{\"Suma\": \"5,40 €\", \"Dátum\": \"16.1.2026\", \"Názov\": \"Veterina\", \"Kategória\": \"Mimi\"}',1,'The selected category is invalid.','2026-02-01 21:53:33','2026-02-01 21:53:33'),(45,'{\"Suma\": \"5,09 €\", \"Dátum\": \"16.1.2026\", \"Názov\": \"Lidl\", \"Kategória\": \"Potraviny\"}',1,'The selected category is invalid.','2026-02-01 21:53:33','2026-02-01 21:53:33'),(46,'{\"Suma\": \"2,50 €\", \"Dátum\": \"16.1.2026\", \"Názov\": \"Planétka\", \"Kategória\": \"Pochutiny\"}',1,'The selected category is invalid.','2026-02-01 21:53:33','2026-02-01 21:53:33'),(47,'{\"Suma\": \"4,26 €\", \"Dátum\": \"17.1.2026\", \"Názov\": \"Tesco\", \"Kategória\": \"Potraviny\"}',1,'The selected category is invalid.','2026-02-01 21:53:33','2026-02-01 21:53:33'),(48,'{\"Suma\": \"33,07 €\", \"Dátum\": \"17.1.2026\", \"Názov\": \"Billa\", \"Kategória\": \"Potraviny\"}',1,'The selected category is invalid.','2026-02-01 21:53:33','2026-02-01 21:53:33'),(49,'{\"Suma\": \"2,79 €\", \"Dátum\": \"17.1.2026\", \"Názov\": \"Tesco\", \"Kategória\": \"Potraviny\"}',1,'The selected category is invalid.','2026-02-01 21:53:33','2026-02-01 21:53:33'),(50,'{\"Suma\": \"2,99 €\", \"Dátum\": \"18.1.2026\", \"Názov\": \"Apple iCloud\", \"Kategória\": \"Online\"}',1,'The selected category is invalid.','2026-02-01 21:53:33','2026-02-01 21:53:33'),(51,'{\"Suma\": \"2,69 €\", \"Dátum\": \"18.1.2026\", \"Názov\": \"Potraviny Julka\", \"Kategória\": \"Potraviny\"}',1,'The selected category is invalid.','2026-02-01 21:53:33','2026-02-01 21:53:33'),(52,'{\"Suma\": \"1,00 €\", \"Dátum\": \"18.1.2026\", \"Názov\": \"Automat na sladké\", \"Kategória\": \"Pochutiny\"}',1,'The selected category is invalid.','2026-02-01 21:53:33','2026-02-01 21:53:33'),(53,'{\"Suma\": \"5,76 €\", \"Dátum\": \"18.1.2026\", \"Názov\": \"Tesco\", \"Kategória\": \"Potraviny\"}',1,'The selected category is invalid.','2026-02-01 21:53:33','2026-02-01 21:53:33'),(54,'{\"Suma\": \"5,99 €\", \"Dátum\": \"19.1.2026\", \"Názov\": \"Apple\", \"Kategória\": \"Online\"}',1,'The selected category is invalid.','2026-02-01 21:53:33','2026-02-01 21:53:33'),(55,'{\"Suma\": \"410,00 €\", \"Dátum\": \"19.1.2026\", \"Názov\": \"Operácia\", \"Kategória\": \"Mimi\"}',1,'The selected category is invalid.','2026-02-01 21:53:33','2026-02-01 21:53:33'),(56,'{\"Suma\": \"1,78 €\", \"Dátum\": \"19.1.2026\", \"Názov\": \"OBI\", \"Kategória\": \"Ostatné\"}',1,'The selected category is invalid.','2026-02-01 21:53:33','2026-02-01 21:53:33'),(57,'{\"Suma\": \"1,18 €\", \"Dátum\": \"19.1.2026\", \"Názov\": \"Tesco\", \"Kategória\": \"Potraviny\"}',1,'The selected category is invalid.','2026-02-01 21:53:33','2026-02-01 21:53:33'),(58,'{\"Suma\": \"5,17 €\", \"Dátum\": \"19.1.2026\", \"Názov\": \"Pet Center\", \"Kategória\": \"Mimi\"}',1,'The selected category is invalid.','2026-02-01 21:53:33','2026-02-01 21:53:33'),(59,'{\"Suma\": \"4,99 €\", \"Dátum\": \"20.1.2026\", \"Názov\": \"Billa\", \"Kategória\": \"Potraviny\"}',1,'The selected category is invalid.','2026-02-01 21:53:33','2026-02-01 21:53:33'),(60,'{\"Suma\": \"0,90 €\", \"Dátum\": \"20.1.2026\", \"Názov\": \"Automat na sladké\", \"Kategória\": \"Pochutiny\"}',1,'The selected category is invalid.','2026-02-01 21:53:33','2026-02-01 21:53:33'),(61,'{\"Suma\": \"20,99 €\", \"Dátum\": \"20.1.2026\", \"Názov\": \"YouTube Premium\", \"Kategória\": \"Online\"}',1,'The selected category is invalid.','2026-02-01 21:53:33','2026-02-01 21:53:33'),(62,'{\"Suma\": \"38,20 €\", \"Dátum\": \"20.1.2026\", \"Názov\": \"Billa\", \"Kategória\": \"Potraviny\"}',1,'The selected category is invalid.','2026-02-01 21:53:33','2026-02-01 21:53:33'),(63,'{\"Suma\": \"2,53 €\", \"Dátum\": \"21.1.2026\", \"Názov\": \"Kraj\", \"Kategória\": \"Potraviny\"}',1,'The selected category is invalid.','2026-02-01 21:53:33','2026-02-01 21:53:33'),(64,'{\"Suma\": \"1,10 €\", \"Dátum\": \"21.1.2026\", \"Názov\": \"Automat na sladké\", \"Kategória\": \"Pochutiny\"}',1,'The selected category is invalid.','2026-02-01 21:53:33','2026-02-01 21:53:33'),(65,'{\"Suma\": \"8,85 €\", \"Dátum\": \"22.1.2026\", \"Názov\": \"Billa\", \"Kategória\": \"Potraviny\"}',1,'The selected category is invalid.','2026-02-01 21:53:33','2026-02-01 21:53:33'),(66,'{\"Suma\": \"5,24 €\", \"Dátum\": \"22.1.2026\", \"Názov\": \"Veterinka\", \"Kategória\": \"Mimi\"}',1,'The selected category is invalid.','2026-02-01 21:53:33','2026-02-01 21:53:33'),(67,'{\"Suma\": \"2,84 €\", \"Dátum\": \"22.1.2026\", \"Názov\": \"Malina\", \"Kategória\": \"Potraviny\"}',1,'The selected category is invalid.','2026-02-01 21:53:33','2026-02-01 21:53:33'),(68,'{\"Suma\": \"3,17 €\", \"Dátum\": \"23.1.2026\", \"Názov\": \"Billa\", \"Kategória\": \"Potraviny\"}',1,'The selected category is invalid.','2026-02-01 21:53:33','2026-02-01 21:53:33'),(69,'{\"Suma\": \"3,98 €\", \"Dátum\": \"23.1.2026\", \"Názov\": \"Pet Center\", \"Kategória\": \"Mimi\"}',1,'The selected category is invalid.','2026-02-01 21:53:33','2026-02-01 21:53:33'),(70,'{\"Suma\": \"33,63 €\", \"Dátum\": \"23.1.2026\", \"Názov\": \"Billa\", \"Kategória\": \"Potraviny\"}',1,'The selected category is invalid.','2026-02-01 21:53:33','2026-02-01 21:53:33'),(71,'{\"Suma\": \"9,90 €\", \"Dátum\": \"23.1.2026\", \"Názov\": \"Starbucks\", \"Kategória\": \"Pochutiny\"}',1,'The selected category is invalid.','2026-02-01 21:53:33','2026-02-01 21:53:33'),(72,'{\"Suma\": \"20,99 €\", \"Dátum\": \"24.1.2026\", \"Názov\": \"YouTube Premium\", \"Kategória\": \"Online\"}',1,'The selected category is invalid.','2026-02-01 21:53:33','2026-02-01 21:53:33'),(73,'{\"Suma\": \"3,35 €\", \"Dátum\": \"24.1.2026\", \"Názov\": \"Tesco\", \"Kategória\": \"Potraviny\"}',1,'The selected category is invalid.','2026-02-01 21:53:33','2026-02-01 21:53:33'),(74,'{\"Suma\": \"11,63 €\", \"Dátum\": \"24.1.2026\", \"Názov\": \"Alza - rybičky\", \"Kategória\": \"Ostatné\"}',1,'The selected category is invalid.','2026-02-01 21:53:33','2026-02-01 21:53:33'),(75,'{\"Suma\": \"3,35 €\", \"Dátum\": \"25.1.2026\", \"Názov\": \"Lidl\", \"Kategória\": \"Potraviny\"}',1,'The selected category is invalid.','2026-02-01 21:53:33','2026-02-01 21:53:33'),(76,'{\"Suma\": \"5,97 €\", \"Dátum\": \"25.1.2026\", \"Názov\": \"Pet Center\", \"Kategória\": \"Mimi\"}',1,'The selected category is invalid.','2026-02-01 21:53:33','2026-02-01 21:53:33'),(77,'{\"Suma\": \"3,49 €\", \"Dátum\": \"25.1.2026\", \"Názov\": \"Môj obchod\", \"Kategória\": \"Potraviny\"}',1,'The selected category is invalid.','2026-02-01 21:53:33','2026-02-01 21:53:33'),(78,'{\"Suma\": \"5,41 €\", \"Dátum\": \"25.1.2026\", \"Názov\": \"Billa\", \"Kategória\": \"Potraviny\"}',1,'The selected category is invalid.','2026-02-01 21:53:33','2026-02-01 21:53:33'),(79,'{\"Suma\": \"1,10 €\", \"Dátum\": \"25.1.2026\", \"Názov\": \"Automat na sladké\", \"Kategória\": \"Pochutiny\"}',1,'The selected category is invalid.','2026-02-01 21:53:33','2026-02-01 21:53:33'),(80,'{\"Suma\": \"3,48 €\", \"Dátum\": \"26.1.2026\", \"Názov\": \"Kraj\", \"Kategória\": \"Potraviny\"}',1,'The selected category is invalid.','2026-02-01 21:53:33','2026-02-01 21:53:33'),(81,'{\"Suma\": \"1,00 €\", \"Dátum\": \"26.1.2026\", \"Názov\": \"Automat na sladké\", \"Kategória\": \"Pochutiny\"}',1,'The selected category is invalid.','2026-02-01 21:53:33','2026-02-01 21:53:33'),(82,'{\"Suma\": \"1,44 €\", \"Dátum\": \"26.1.2026\", \"Názov\": \"Lidl raňajky\", \"Kategória\": \"Potraviny\"}',1,'The selected category is invalid.','2026-02-01 21:53:33','2026-02-01 21:53:33'),(83,'{\"Suma\": \"2,69 €\", \"Dátum\": \"26.1.2026\", \"Názov\": \"OBI - Tmel\", \"Kategória\": \"Ostatné\"}',1,'The selected category is invalid.','2026-02-01 21:53:33','2026-02-01 21:53:33'),(84,'{\"Suma\": \"7,49 €\", \"Dátum\": \"1.1.2026\", \"Názov\": \"Apple\", \"Kategória\": \"Online\"}',2,'The selected category is invalid.','2026-02-01 21:55:03','2026-02-01 21:55:03'),(85,'{\"Suma\": \"3,24 €\", \"Dátum\": \"2.1.2026\", \"Názov\": \"Kraj\", \"Kategória\": \"Potraviny\"}',2,'The selected category is invalid.','2026-02-01 21:55:03','2026-02-01 21:55:03'),(86,'{\"Suma\": \"1,84 €\", \"Dátum\": \"7.1.2026\", \"Názov\": \"Billa\", \"Kategória\": \"Potraviny\"}',2,'The selected category is invalid.','2026-02-01 21:55:03','2026-02-01 21:55:03'),(87,'{\"Suma\": \"600,00 €\", \"Dátum\": \"9.1.2026\", \"Názov\": \"Nájom\", \"Kategória\": \"Bývanie\"}',2,'The selected category is invalid.','2026-02-01 21:55:03','2026-02-01 21:55:03'),(88,'{\"Suma\": \"100,00 €\", \"Dátum\": \"9.1.2026\", \"Názov\": \"Lenka pôžička\", \"Kategória\": \"Dlhy\"}',2,'The selected category is invalid.','2026-02-01 21:55:03','2026-02-01 21:55:03'),(89,'{\"Suma\": \"74,07 €\", \"Dátum\": \"9.1.2026\", \"Názov\": \"365 splátka\", \"Kategória\": \"Dlhy\"}',2,'The selected category is invalid.','2026-02-01 21:55:03','2026-02-01 21:55:03'),(90,'{\"Suma\": \"32,80 €\", \"Dátum\": \"9.1.2026\", \"Názov\": \"Faktúra telefón\", \"Kategória\": \"Telefón\"}',2,'The selected category is invalid.','2026-02-01 21:55:03','2026-02-01 21:55:03'),(91,'{\"Suma\": \"20,85 €\", \"Dátum\": \"9.1.2026\", \"Názov\": \"Billa\", \"Kategória\": \"Potraviny\"}',2,'The selected category is invalid.','2026-02-01 21:55:03','2026-02-01 21:55:03'),(92,'{\"Suma\": \"5,67 €\", \"Dátum\": \"9.1.2026\", \"Názov\": \"Billa\", \"Kategória\": \"Potraviny\"}',2,'The selected category is invalid.','2026-02-01 21:55:03','2026-02-01 21:55:03'),(93,'{\"Suma\": \"136,56 €\", \"Dátum\": \"10.1.2026\", \"Názov\": \"Home Credit\", \"Kategória\": \"Dlhy\"}',2,'The selected category is invalid.','2026-02-01 21:55:03','2026-02-01 21:55:03'),(94,'{\"Suma\": \"2,05 €\", \"Dátum\": \"10.1.2026\", \"Názov\": \"Billa\", \"Kategória\": \"Potraviny\"}',2,'The selected category is invalid.','2026-02-01 21:55:03','2026-02-01 21:55:03'),(95,'{\"Suma\": \"20,00 €\", \"Dátum\": \"10.1.2026\", \"Názov\": \"365 Bank\", \"Kategória\": \"Výber z bankomatu\"}',2,'The selected category is invalid.','2026-02-01 21:55:03','2026-02-01 21:55:03'),(96,'{\"Suma\": \"10,84 €\", \"Dátum\": \"10.1.2026\", \"Názov\": \"\", \"Kategória\": \"Lekáreň\"}',2,'The title field is required. The selected category is invalid.','2026-02-01 21:55:03','2026-02-01 21:55:03'),(97,'{\"Suma\": \"6,30 €\", \"Dátum\": \"10.1.2026\", \"Názov\": \"Lidl\", \"Kategória\": \"Potraviny\"}',2,'The selected category is invalid.','2026-02-01 21:55:03','2026-02-01 21:55:03'),(98,'{\"Suma\": \"7,99 €\", \"Dátum\": \"11.1.2026\", \"Názov\": \"Voyo\", \"Kategória\": \"Online\"}',2,'The selected category is invalid.','2026-02-01 21:55:03','2026-02-01 21:55:03'),(99,'{\"Suma\": \"4,94 €\", \"Dátum\": \"11.1.2026\", \"Názov\": \"Tesco\", \"Kategória\": \"Potraviny\"}',2,'The selected category is invalid.','2026-02-01 21:55:03','2026-02-01 21:55:03'),(100,'{\"Suma\": \"2,04 €\", \"Dátum\": \"11.1.2026\", \"Názov\": \"Slovnaft\", \"Kategória\": \"Potraviny\"}',2,'The selected category is invalid.','2026-02-01 21:55:03','2026-02-01 21:55:03'),(101,'{\"Suma\": \"100,00 €\", \"Dátum\": \"11.1.2026\", \"Názov\": \"Sanatorium účet\", \"Kategória\": \"Dlhy\"}',2,'The selected category is invalid.','2026-02-01 21:55:03','2026-02-01 21:55:03'),(102,'{\"Suma\": \"6,13 €\", \"Dátum\": \"11.1.2026\", \"Názov\": \"Billa\", \"Kategória\": \"Potraviny\"}',2,'The selected category is invalid.','2026-02-01 21:55:03','2026-02-01 21:55:03'),(103,'{\"Suma\": \"2,90 €\", \"Dátum\": \"11.1.2026\", \"Názov\": \"Pet Center\", \"Kategória\": \"Mimi\"}',2,'The selected category is invalid.','2026-02-01 21:55:03','2026-02-01 21:55:03'),(104,'{\"Suma\": \"4,00 €\", \"Dátum\": \"12.1.2026\", \"Názov\": \"Hero Hero\", \"Kategória\": \"Online\"}',2,'The selected category is invalid.','2026-02-01 21:55:03','2026-02-01 21:55:03'),(105,'{\"Suma\": \"46,09 €\", \"Dátum\": \"12.1.2026\", \"Názov\": \"Billa\", \"Kategória\": \"Potraviny\"}',2,'The selected category is invalid.','2026-02-01 21:55:03','2026-02-01 21:55:03'),(106,'{\"Suma\": \"1,10 €\", \"Dátum\": \"12.1.2026\", \"Názov\": \"Automat na sladké\", \"Kategória\": \"Pochutiny\"}',2,'The selected category is invalid.','2026-02-01 21:55:03','2026-02-01 21:55:03'),(107,'{\"Suma\": \"30,00 €\", \"Dátum\": \"12.1.2026\", \"Názov\": \"Prevod na Revolut\", \"Kategória\": \"Prevod na iný účet\"}',2,'The selected category is invalid.','2026-02-01 21:55:03','2026-02-01 21:55:03'),(108,'{\"Suma\": \"5,99 €\", \"Dátum\": \"12.1.2026\", \"Názov\": \"Badoo\", \"Kategória\": \"Online\"}',2,'The selected category is invalid.','2026-02-01 21:55:03','2026-02-01 21:55:03'),(109,'{\"Suma\": \"11,99 €\", \"Dátum\": \"12.1.2026\", \"Názov\": \"Voyo\", \"Kategória\": \"Online\"}',2,'The selected category is invalid.','2026-02-01 21:55:03','2026-02-01 21:55:03'),(110,'{\"Suma\": \"8,80 €\", \"Dátum\": \"12.1.2026\", \"Názov\": \"Veterina odčervenie\", \"Kategória\": \"Mimi\"}',2,'The selected category is invalid.','2026-02-01 21:55:03','2026-02-01 21:55:03'),(111,'{\"Suma\": \"5,49 €\", \"Dátum\": \"12.1.2026\", \"Názov\": \"Obi\", \"Kategória\": \"Ostatné\"}',2,'The selected category is invalid.','2026-02-01 21:55:03','2026-02-01 21:55:03'),(112,'{\"Suma\": \"1,59 €\", \"Dátum\": \"12.1.2026\", \"Názov\": \"Pet Center\", \"Kategória\": \"Mimi\"}',2,'The selected category is invalid.','2026-02-01 21:55:03','2026-02-01 21:55:03'),(113,'{\"Suma\": \"0,98 €\", \"Dátum\": \"12.1.2026\", \"Názov\": \"Lidl\", \"Kategória\": \"Potraviny\"}',2,'The selected category is invalid.','2026-02-01 21:55:03','2026-02-01 21:55:03'),(114,'{\"Suma\": \"19,90 €\", \"Dátum\": \"12.1.2026\", \"Názov\": \"Firmáreň\", \"Kategória\": \"Ostatné\"}',2,'The selected category is invalid.','2026-02-01 21:55:03','2026-02-01 21:55:03'),(115,'{\"Suma\": \"78,53 €\", \"Dátum\": \"13.1.2026\", \"Názov\": \"Predoperačné vyšetrenie\", \"Kategória\": \"Mimi\"}',2,'The selected category is invalid.','2026-02-01 21:55:03','2026-02-01 21:55:03'),(116,'{\"Suma\": \"5,38 €\", \"Dátum\": \"13.1.2026\", \"Názov\": \"Billa\", \"Kategória\": \"Potraviny\"}',2,'The selected category is invalid.','2026-02-01 21:55:03','2026-02-01 21:55:03'),(117,'{\"Suma\": \"15,76 €\", \"Dátum\": \"13.1.2026\", \"Názov\": \"Billa\", \"Kategória\": \"Potraviny\"}',2,'The selected category is invalid.','2026-02-01 21:55:03','2026-02-01 21:55:03'),(118,'{\"Suma\": \"2,99 €\", \"Dátum\": \"13.1.2026\", \"Názov\": \"Kraj\", \"Kategória\": \"Potraviny\"}',2,'The selected category is invalid.','2026-02-01 21:55:03','2026-02-01 21:55:03'),(119,'{\"Suma\": \"2,73 €\", \"Dátum\": \"13.1.2026\", \"Názov\": \"Kraj\", \"Kategória\": \"Potraviny\"}',2,'The selected category is invalid.','2026-02-01 21:55:03','2026-02-01 21:55:03'),(120,'{\"Suma\": \"9,00 €\", \"Dátum\": \"14.1.2026\", \"Názov\": \"Káva Martinus\", \"Kategória\": \"Pochutiny\"}',2,'The selected category is invalid.','2026-02-01 21:55:03','2026-02-01 21:55:03'),(121,'{\"Suma\": \"10,59 €\", \"Dátum\": \"14.1.2026\", \"Názov\": \"Dr. Max\", \"Kategória\": \"Lekáreň\"}',2,'The selected category is invalid.','2026-02-01 21:55:03','2026-02-01 21:55:03'),(122,'{\"Suma\": \"2,11 €\", \"Dátum\": \"14.1.2026\", \"Názov\": \"Billa\", \"Kategória\": \"Potraviny\"}',2,'The selected category is invalid.','2026-02-01 21:55:03','2026-02-01 21:55:03'),(123,'{\"Suma\": \"3,79 €\", \"Dátum\": \"14.1.2026\", \"Názov\": \"Tesco\", \"Kategória\": \"Potraviny\"}',2,'The selected category is invalid.','2026-02-01 21:55:03','2026-02-01 21:55:03'),(124,'{\"Suma\": \"1,99 €\", \"Dátum\": \"15.1.2026\", \"Názov\": \"Kraj\", \"Kategória\": \"Potraviny\"}',2,'The selected category is invalid.','2026-02-01 21:55:03','2026-02-01 21:55:03'),(125,'{\"Suma\": \"2,50 €\", \"Dátum\": \"15.1.2026\", \"Názov\": \"Bunda\", \"Kategória\": \"Oblečenie\"}',2,'The selected category is invalid.','2026-02-01 21:55:03','2026-02-01 21:55:03'),(126,'{\"Suma\": \"1,10 €\", \"Dátum\": \"15.1.2026\", \"Názov\": \"Automat na sladké\", \"Kategória\": \"Pochutiny\"}',2,'The selected category is invalid.','2026-02-01 21:55:03','2026-02-01 21:55:03'),(127,'{\"Suma\": \"5,40 €\", \"Dátum\": \"16.1.2026\", \"Názov\": \"Veterina\", \"Kategória\": \"Mimi\"}',2,'The selected category is invalid.','2026-02-01 21:55:03','2026-02-01 21:55:03'),(128,'{\"Suma\": \"5,09 €\", \"Dátum\": \"16.1.2026\", \"Názov\": \"Lidl\", \"Kategória\": \"Potraviny\"}',2,'The selected category is invalid.','2026-02-01 21:55:03','2026-02-01 21:55:03'),(129,'{\"Suma\": \"2,50 €\", \"Dátum\": \"16.1.2026\", \"Názov\": \"Planétka\", \"Kategória\": \"Pochutiny\"}',2,'The selected category is invalid.','2026-02-01 21:55:03','2026-02-01 21:55:03'),(130,'{\"Suma\": \"4,26 €\", \"Dátum\": \"17.1.2026\", \"Názov\": \"Tesco\", \"Kategória\": \"Potraviny\"}',2,'The selected category is invalid.','2026-02-01 21:55:03','2026-02-01 21:55:03'),(131,'{\"Suma\": \"33,07 €\", \"Dátum\": \"17.1.2026\", \"Názov\": \"Billa\", \"Kategória\": \"Potraviny\"}',2,'The selected category is invalid.','2026-02-01 21:55:03','2026-02-01 21:55:03'),(132,'{\"Suma\": \"2,79 €\", \"Dátum\": \"17.1.2026\", \"Názov\": \"Tesco\", \"Kategória\": \"Potraviny\"}',2,'The selected category is invalid.','2026-02-01 21:55:03','2026-02-01 21:55:03'),(133,'{\"Suma\": \"2,99 €\", \"Dátum\": \"18.1.2026\", \"Názov\": \"Apple iCloud\", \"Kategória\": \"Online\"}',2,'The selected category is invalid.','2026-02-01 21:55:03','2026-02-01 21:55:03'),(134,'{\"Suma\": \"2,69 €\", \"Dátum\": \"18.1.2026\", \"Názov\": \"Potraviny Julka\", \"Kategória\": \"Potraviny\"}',2,'The selected category is invalid.','2026-02-01 21:55:03','2026-02-01 21:55:03'),(135,'{\"Suma\": \"1,00 €\", \"Dátum\": \"18.1.2026\", \"Názov\": \"Automat na sladké\", \"Kategória\": \"Pochutiny\"}',2,'The selected category is invalid.','2026-02-01 21:55:03','2026-02-01 21:55:03'),(136,'{\"Suma\": \"5,76 €\", \"Dátum\": \"18.1.2026\", \"Názov\": \"Tesco\", \"Kategória\": \"Potraviny\"}',2,'The selected category is invalid.','2026-02-01 21:55:03','2026-02-01 21:55:03'),(137,'{\"Suma\": \"5,99 €\", \"Dátum\": \"19.1.2026\", \"Názov\": \"Apple\", \"Kategória\": \"Online\"}',2,'The selected category is invalid.','2026-02-01 21:55:03','2026-02-01 21:55:03'),(138,'{\"Suma\": \"410,00 €\", \"Dátum\": \"19.1.2026\", \"Názov\": \"Operácia\", \"Kategória\": \"Mimi\"}',2,'The selected category is invalid.','2026-02-01 21:55:03','2026-02-01 21:55:03'),(139,'{\"Suma\": \"1,78 €\", \"Dátum\": \"19.1.2026\", \"Názov\": \"OBI\", \"Kategória\": \"Ostatné\"}',2,'The selected category is invalid.','2026-02-01 21:55:03','2026-02-01 21:55:03'),(140,'{\"Suma\": \"1,18 €\", \"Dátum\": \"19.1.2026\", \"Názov\": \"Tesco\", \"Kategória\": \"Potraviny\"}',2,'The selected category is invalid.','2026-02-01 21:55:03','2026-02-01 21:55:03'),(141,'{\"Suma\": \"5,17 €\", \"Dátum\": \"19.1.2026\", \"Názov\": \"Pet Center\", \"Kategória\": \"Mimi\"}',2,'The selected category is invalid.','2026-02-01 21:55:03','2026-02-01 21:55:03'),(142,'{\"Suma\": \"4,99 €\", \"Dátum\": \"20.1.2026\", \"Názov\": \"Billa\", \"Kategória\": \"Potraviny\"}',2,'The selected category is invalid.','2026-02-01 21:55:03','2026-02-01 21:55:03'),(143,'{\"Suma\": \"0,90 €\", \"Dátum\": \"20.1.2026\", \"Názov\": \"Automat na sladké\", \"Kategória\": \"Pochutiny\"}',2,'The selected category is invalid.','2026-02-01 21:55:03','2026-02-01 21:55:03'),(144,'{\"Suma\": \"20,99 €\", \"Dátum\": \"20.1.2026\", \"Názov\": \"YouTube Premium\", \"Kategória\": \"Online\"}',2,'The selected category is invalid.','2026-02-01 21:55:03','2026-02-01 21:55:03'),(145,'{\"Suma\": \"38,20 €\", \"Dátum\": \"20.1.2026\", \"Názov\": \"Billa\", \"Kategória\": \"Potraviny\"}',2,'The selected category is invalid.','2026-02-01 21:55:03','2026-02-01 21:55:03'),(146,'{\"Suma\": \"2,53 €\", \"Dátum\": \"21.1.2026\", \"Názov\": \"Kraj\", \"Kategória\": \"Potraviny\"}',2,'The selected category is invalid.','2026-02-01 21:55:03','2026-02-01 21:55:03'),(147,'{\"Suma\": \"1,10 €\", \"Dátum\": \"21.1.2026\", \"Názov\": \"Automat na sladké\", \"Kategória\": \"Pochutiny\"}',2,'The selected category is invalid.','2026-02-01 21:55:03','2026-02-01 21:55:03'),(148,'{\"Suma\": \"8,85 €\", \"Dátum\": \"22.1.2026\", \"Názov\": \"Billa\", \"Kategória\": \"Potraviny\"}',2,'The selected category is invalid.','2026-02-01 21:55:03','2026-02-01 21:55:03'),(149,'{\"Suma\": \"5,24 €\", \"Dátum\": \"22.1.2026\", \"Názov\": \"Veterinka\", \"Kategória\": \"Mimi\"}',2,'The selected category is invalid.','2026-02-01 21:55:03','2026-02-01 21:55:03'),(150,'{\"Suma\": \"2,84 €\", \"Dátum\": \"22.1.2026\", \"Názov\": \"Malina\", \"Kategória\": \"Potraviny\"}',2,'The selected category is invalid.','2026-02-01 21:55:03','2026-02-01 21:55:03'),(151,'{\"Suma\": \"3,17 €\", \"Dátum\": \"23.1.2026\", \"Názov\": \"Billa\", \"Kategória\": \"Potraviny\"}',2,'The selected category is invalid.','2026-02-01 21:55:03','2026-02-01 21:55:03'),(152,'{\"Suma\": \"3,98 €\", \"Dátum\": \"23.1.2026\", \"Názov\": \"Pet Center\", \"Kategória\": \"Mimi\"}',2,'The selected category is invalid.','2026-02-01 21:55:03','2026-02-01 21:55:03'),(153,'{\"Suma\": \"33,63 €\", \"Dátum\": \"23.1.2026\", \"Názov\": \"Billa\", \"Kategória\": \"Potraviny\"}',2,'The selected category is invalid.','2026-02-01 21:55:03','2026-02-01 21:55:03'),(154,'{\"Suma\": \"9,90 €\", \"Dátum\": \"23.1.2026\", \"Názov\": \"Starbucks\", \"Kategória\": \"Pochutiny\"}',2,'The selected category is invalid.','2026-02-01 21:55:03','2026-02-01 21:55:03'),(155,'{\"Suma\": \"20,99 €\", \"Dátum\": \"24.1.2026\", \"Názov\": \"YouTube Premium\", \"Kategória\": \"Online\"}',2,'The selected category is invalid.','2026-02-01 21:55:03','2026-02-01 21:55:03'),(156,'{\"Suma\": \"3,35 €\", \"Dátum\": \"24.1.2026\", \"Názov\": \"Tesco\", \"Kategória\": \"Potraviny\"}',2,'The selected category is invalid.','2026-02-01 21:55:03','2026-02-01 21:55:03'),(157,'{\"Suma\": \"11,63 €\", \"Dátum\": \"24.1.2026\", \"Názov\": \"Alza - rybičky\", \"Kategória\": \"Ostatné\"}',2,'The selected category is invalid.','2026-02-01 21:55:03','2026-02-01 21:55:03'),(158,'{\"Suma\": \"3,35 €\", \"Dátum\": \"25.1.2026\", \"Názov\": \"Lidl\", \"Kategória\": \"Potraviny\"}',2,'The selected category is invalid.','2026-02-01 21:55:03','2026-02-01 21:55:03'),(159,'{\"Suma\": \"5,97 €\", \"Dátum\": \"25.1.2026\", \"Názov\": \"Pet Center\", \"Kategória\": \"Mimi\"}',2,'The selected category is invalid.','2026-02-01 21:55:03','2026-02-01 21:55:03'),(160,'{\"Suma\": \"3,49 €\", \"Dátum\": \"25.1.2026\", \"Názov\": \"Môj obchod\", \"Kategória\": \"Potraviny\"}',2,'The selected category is invalid.','2026-02-01 21:55:03','2026-02-01 21:55:03'),(161,'{\"Suma\": \"5,41 €\", \"Dátum\": \"25.1.2026\", \"Názov\": \"Billa\", \"Kategória\": \"Potraviny\"}',2,'The selected category is invalid.','2026-02-01 21:55:03','2026-02-01 21:55:03'),(162,'{\"Suma\": \"1,10 €\", \"Dátum\": \"25.1.2026\", \"Názov\": \"Automat na sladké\", \"Kategória\": \"Pochutiny\"}',2,'The selected category is invalid.','2026-02-01 21:55:03','2026-02-01 21:55:03'),(163,'{\"Suma\": \"3,48 €\", \"Dátum\": \"26.1.2026\", \"Názov\": \"Kraj\", \"Kategória\": \"Potraviny\"}',2,'The selected category is invalid.','2026-02-01 21:55:03','2026-02-01 21:55:03'),(164,'{\"Suma\": \"1,00 €\", \"Dátum\": \"26.1.2026\", \"Názov\": \"Automat na sladké\", \"Kategória\": \"Pochutiny\"}',2,'The selected category is invalid.','2026-02-01 21:55:03','2026-02-01 21:55:03'),(165,'{\"Suma\": \"1,44 €\", \"Dátum\": \"26.1.2026\", \"Názov\": \"Lidl raňajky\", \"Kategória\": \"Potraviny\"}',2,'The selected category is invalid.','2026-02-01 21:55:03','2026-02-01 21:55:03'),(166,'{\"Suma\": \"2,69 €\", \"Dátum\": \"26.1.2026\", \"Názov\": \"OBI - Tmel\", \"Kategória\": \"Ostatné\"}',2,'The selected category is invalid.','2026-02-01 21:55:03','2026-02-01 21:55:03'),(167,'{\"Suma\": \"7,49\", \"Dátum\": \"1.1.2026\", \"Názov\": \"Apple\", \"Kategória\": \"Online\"}',1,'The selected category is invalid.','2026-02-01 21:57:34','2026-02-01 21:57:34'),(168,'{\"Suma\": \"3,24\", \"Dátum\": \"2.1.2026\", \"Názov\": \"Kraj\", \"Kategória\": \"Potraviny\"}',1,'The selected category is invalid.','2026-02-01 21:57:34','2026-02-01 21:57:34'),(169,'{\"Suma\": \"1,84\", \"Dátum\": \"7.1.2026\", \"Názov\": \"Billa\", \"Kategória\": \"Potraviny\"}',1,'The selected category is invalid.','2026-02-01 21:57:34','2026-02-01 21:57:34'),(170,'{\"Suma\": \"600,00\", \"Dátum\": \"9.1.2026\", \"Názov\": \"Nájom\", \"Kategória\": \"Bývanie\"}',1,'The selected category is invalid.','2026-02-01 21:57:34','2026-02-01 21:57:34'),(171,'{\"Suma\": \"100,00\", \"Dátum\": \"9.1.2026\", \"Názov\": \"Lenka pôžička\", \"Kategória\": \"Dlhy\"}',1,'The selected category is invalid.','2026-02-01 21:57:34','2026-02-01 21:57:34'),(172,'{\"Suma\": \"74,07\", \"Dátum\": \"9.1.2026\", \"Názov\": \"365 splátka\", \"Kategória\": \"Dlhy\"}',1,'The selected category is invalid.','2026-02-01 21:57:34','2026-02-01 21:57:34'),(173,'{\"Suma\": \"32,80\", \"Dátum\": \"9.1.2026\", \"Názov\": \"Faktúra telefón\", \"Kategória\": \"Telefón\"}',1,'The selected category is invalid.','2026-02-01 21:57:34','2026-02-01 21:57:34'),(174,'{\"Suma\": \"20,85\", \"Dátum\": \"9.1.2026\", \"Názov\": \"Billa\", \"Kategória\": \"Potraviny\"}',1,'The selected category is invalid.','2026-02-01 21:57:34','2026-02-01 21:57:34'),(175,'{\"Suma\": \"5,67\", \"Dátum\": \"9.1.2026\", \"Názov\": \"Billa\", \"Kategória\": \"Potraviny\"}',1,'The selected category is invalid.','2026-02-01 21:57:34','2026-02-01 21:57:34'),(176,'{\"Suma\": \"136,56\", \"Dátum\": \"10.1.2026\", \"Názov\": \"Home Credit\", \"Kategória\": \"Dlhy\"}',1,'The selected category is invalid.','2026-02-01 21:57:34','2026-02-01 21:57:34'),(177,'{\"Suma\": \"2,05\", \"Dátum\": \"10.1.2026\", \"Názov\": \"Billa\", \"Kategória\": \"Potraviny\"}',1,'The selected category is invalid.','2026-02-01 21:57:34','2026-02-01 21:57:34'),(178,'{\"Suma\": \"20,00\", \"Dátum\": \"10.1.2026\", \"Názov\": \"365 Bank\", \"Kategória\": \"Výber z bankomatu\"}',1,'The selected category is invalid.','2026-02-01 21:57:34','2026-02-01 21:57:34'),(179,'{\"Suma\": \"10,84\", \"Dátum\": \"10.1.2026\", \"Názov\": \"\", \"Kategória\": \"Lekáreň\"}',1,'The title field is required. The selected category is invalid.','2026-02-01 21:57:34','2026-02-01 21:57:34'),(180,'{\"Suma\": \"6,30\", \"Dátum\": \"10.1.2026\", \"Názov\": \"Lidl\", \"Kategória\": \"Potraviny\"}',1,'The selected category is invalid.','2026-02-01 21:57:34','2026-02-01 21:57:34'),(181,'{\"Suma\": \"7,99\", \"Dátum\": \"11.1.2026\", \"Názov\": \"Voyo\", \"Kategória\": \"Online\"}',1,'The selected category is invalid.','2026-02-01 21:57:34','2026-02-01 21:57:34'),(182,'{\"Suma\": \"4,94\", \"Dátum\": \"11.1.2026\", \"Názov\": \"Tesco\", \"Kategória\": \"Potraviny\"}',1,'The selected category is invalid.','2026-02-01 21:57:34','2026-02-01 21:57:34'),(183,'{\"Suma\": \"2,04\", \"Dátum\": \"11.1.2026\", \"Názov\": \"Slovnaft\", \"Kategória\": \"Potraviny\"}',1,'The selected category is invalid.','2026-02-01 21:57:34','2026-02-01 21:57:34'),(184,'{\"Suma\": \"100,00\", \"Dátum\": \"11.1.2026\", \"Názov\": \"Sanatorium účet\", \"Kategória\": \"Dlhy\"}',1,'The selected category is invalid.','2026-02-01 21:57:34','2026-02-01 21:57:34'),(185,'{\"Suma\": \"6,13\", \"Dátum\": \"11.1.2026\", \"Názov\": \"Billa\", \"Kategória\": \"Potraviny\"}',1,'The selected category is invalid.','2026-02-01 21:57:34','2026-02-01 21:57:34'),(186,'{\"Suma\": \"2,90\", \"Dátum\": \"11.1.2026\", \"Názov\": \"Pet Center\", \"Kategória\": \"Mimi\"}',1,'The selected category is invalid.','2026-02-01 21:57:34','2026-02-01 21:57:34'),(187,'{\"Suma\": \"4,00\", \"Dátum\": \"12.1.2026\", \"Názov\": \"Hero Hero\", \"Kategória\": \"Online\"}',1,'The selected category is invalid.','2026-02-01 21:57:34','2026-02-01 21:57:34'),(188,'{\"Suma\": \"46,09\", \"Dátum\": \"12.1.2026\", \"Názov\": \"Billa\", \"Kategória\": \"Potraviny\"}',1,'The selected category is invalid.','2026-02-01 21:57:34','2026-02-01 21:57:34'),(189,'{\"Suma\": \"1,10\", \"Dátum\": \"12.1.2026\", \"Názov\": \"Automat na sladké\", \"Kategória\": \"Pochutiny\"}',1,'The selected category is invalid.','2026-02-01 21:57:34','2026-02-01 21:57:34'),(190,'{\"Suma\": \"30,00\", \"Dátum\": \"12.1.2026\", \"Názov\": \"Prevod na Revolut\", \"Kategória\": \"Prevod na iný účet\"}',1,'The selected category is invalid.','2026-02-01 21:57:34','2026-02-01 21:57:34'),(191,'{\"Suma\": \"5,99\", \"Dátum\": \"12.1.2026\", \"Názov\": \"Badoo\", \"Kategória\": \"Online\"}',1,'The selected category is invalid.','2026-02-01 21:57:34','2026-02-01 21:57:34'),(192,'{\"Suma\": \"11,99\", \"Dátum\": \"12.1.2026\", \"Názov\": \"Voyo\", \"Kategória\": \"Online\"}',1,'The selected category is invalid.','2026-02-01 21:57:34','2026-02-01 21:57:34'),(193,'{\"Suma\": \"8,80\", \"Dátum\": \"12.1.2026\", \"Názov\": \"Veterina odčervenie\", \"Kategória\": \"Mimi\"}',1,'The selected category is invalid.','2026-02-01 21:57:34','2026-02-01 21:57:34'),(194,'{\"Suma\": \"5,49\", \"Dátum\": \"12.1.2026\", \"Názov\": \"Obi\", \"Kategória\": \"Ostatné\"}',1,'The selected category is invalid.','2026-02-01 21:57:34','2026-02-01 21:57:34'),(195,'{\"Suma\": \"1,59\", \"Dátum\": \"12.1.2026\", \"Názov\": \"Pet Center\", \"Kategória\": \"Mimi\"}',1,'The selected category is invalid.','2026-02-01 21:57:34','2026-02-01 21:57:34'),(196,'{\"Suma\": \"0,98\", \"Dátum\": \"12.1.2026\", \"Názov\": \"Lidl\", \"Kategória\": \"Potraviny\"}',1,'The selected category is invalid.','2026-02-01 21:57:34','2026-02-01 21:57:34'),(197,'{\"Suma\": \"19,90\", \"Dátum\": \"12.1.2026\", \"Názov\": \"Firmáreň\", \"Kategória\": \"Ostatné\"}',1,'The selected category is invalid.','2026-02-01 21:57:34','2026-02-01 21:57:34'),(198,'{\"Suma\": \"78,53\", \"Dátum\": \"13.1.2026\", \"Názov\": \"Predoperačné vyšetrenie\", \"Kategória\": \"Mimi\"}',1,'The selected category is invalid.','2026-02-01 21:57:34','2026-02-01 21:57:34'),(199,'{\"Suma\": \"5,38\", \"Dátum\": \"13.1.2026\", \"Názov\": \"Billa\", \"Kategória\": \"Potraviny\"}',1,'The selected category is invalid.','2026-02-01 21:57:34','2026-02-01 21:57:34'),(200,'{\"Suma\": \"15,76\", \"Dátum\": \"13.1.2026\", \"Názov\": \"Billa\", \"Kategória\": \"Potraviny\"}',1,'The selected category is invalid.','2026-02-01 21:57:34','2026-02-01 21:57:34'),(201,'{\"Suma\": \"2,99\", \"Dátum\": \"13.1.2026\", \"Názov\": \"Kraj\", \"Kategória\": \"Potraviny\"}',1,'The selected category is invalid.','2026-02-01 21:57:34','2026-02-01 21:57:34'),(202,'{\"Suma\": \"2,73\", \"Dátum\": \"13.1.2026\", \"Názov\": \"Kraj\", \"Kategória\": \"Potraviny\"}',1,'The selected category is invalid.','2026-02-01 21:57:34','2026-02-01 21:57:34'),(203,'{\"Suma\": \"9,00\", \"Dátum\": \"14.1.2026\", \"Názov\": \"Káva Martinus\", \"Kategória\": \"Pochutiny\"}',1,'The selected category is invalid.','2026-02-01 21:57:34','2026-02-01 21:57:34'),(204,'{\"Suma\": \"10,59\", \"Dátum\": \"14.1.2026\", \"Názov\": \"Dr. Max\", \"Kategória\": \"Lekáreň\"}',1,'The selected category is invalid.','2026-02-01 21:57:34','2026-02-01 21:57:34'),(205,'{\"Suma\": \"2,11\", \"Dátum\": \"14.1.2026\", \"Názov\": \"Billa\", \"Kategória\": \"Potraviny\"}',1,'The selected category is invalid.','2026-02-01 21:57:34','2026-02-01 21:57:34'),(206,'{\"Suma\": \"3,79\", \"Dátum\": \"14.1.2026\", \"Názov\": \"Tesco\", \"Kategória\": \"Potraviny\"}',1,'The selected category is invalid.','2026-02-01 21:57:34','2026-02-01 21:57:34'),(207,'{\"Suma\": \"1,99\", \"Dátum\": \"15.1.2026\", \"Názov\": \"Kraj\", \"Kategória\": \"Potraviny\"}',1,'The selected category is invalid.','2026-02-01 21:57:34','2026-02-01 21:57:34'),(208,'{\"Suma\": \"2,50\", \"Dátum\": \"15.1.2026\", \"Názov\": \"Bunda\", \"Kategória\": \"Oblečenie\"}',1,'The selected category is invalid.','2026-02-01 21:57:34','2026-02-01 21:57:34'),(209,'{\"Suma\": \"1,10\", \"Dátum\": \"15.1.2026\", \"Názov\": \"Automat na sladké\", \"Kategória\": \"Pochutiny\"}',1,'The selected category is invalid.','2026-02-01 21:57:34','2026-02-01 21:57:34'),(210,'{\"Suma\": \"5,40\", \"Dátum\": \"16.1.2026\", \"Názov\": \"Veterina\", \"Kategória\": \"Mimi\"}',1,'The selected category is invalid.','2026-02-01 21:57:34','2026-02-01 21:57:34'),(211,'{\"Suma\": \"5,09\", \"Dátum\": \"16.1.2026\", \"Názov\": \"Lidl\", \"Kategória\": \"Potraviny\"}',1,'The selected category is invalid.','2026-02-01 21:57:34','2026-02-01 21:57:34'),(212,'{\"Suma\": \"2,50\", \"Dátum\": \"16.1.2026\", \"Názov\": \"Planétka\", \"Kategória\": \"Pochutiny\"}',1,'The selected category is invalid.','2026-02-01 21:57:34','2026-02-01 21:57:34'),(213,'{\"Suma\": \"4,26\", \"Dátum\": \"17.1.2026\", \"Názov\": \"Tesco\", \"Kategória\": \"Potraviny\"}',1,'The selected category is invalid.','2026-02-01 21:57:34','2026-02-01 21:57:34'),(214,'{\"Suma\": \"33,07\", \"Dátum\": \"17.1.2026\", \"Názov\": \"Billa\", \"Kategória\": \"Potraviny\"}',1,'The selected category is invalid.','2026-02-01 21:57:34','2026-02-01 21:57:34'),(215,'{\"Suma\": \"2,79\", \"Dátum\": \"17.1.2026\", \"Názov\": \"Tesco\", \"Kategória\": \"Potraviny\"}',1,'The selected category is invalid.','2026-02-01 21:57:34','2026-02-01 21:57:34'),(216,'{\"Suma\": \"2,99\", \"Dátum\": \"18.1.2026\", \"Názov\": \"Apple iCloud\", \"Kategória\": \"Online\"}',1,'The selected category is invalid.','2026-02-01 21:57:34','2026-02-01 21:57:34'),(217,'{\"Suma\": \"2,69\", \"Dátum\": \"18.1.2026\", \"Názov\": \"Potraviny Julka\", \"Kategória\": \"Potraviny\"}',1,'The selected category is invalid.','2026-02-01 21:57:34','2026-02-01 21:57:34'),(218,'{\"Suma\": \"1,00\", \"Dátum\": \"18.1.2026\", \"Názov\": \"Automat na sladké\", \"Kategória\": \"Pochutiny\"}',1,'The selected category is invalid.','2026-02-01 21:57:34','2026-02-01 21:57:34'),(219,'{\"Suma\": \"5,76\", \"Dátum\": \"18.1.2026\", \"Názov\": \"Tesco\", \"Kategória\": \"Potraviny\"}',1,'The selected category is invalid.','2026-02-01 21:57:34','2026-02-01 21:57:34'),(220,'{\"Suma\": \"5,99\", \"Dátum\": \"19.1.2026\", \"Názov\": \"Apple\", \"Kategória\": \"Online\"}',1,'The selected category is invalid.','2026-02-01 21:57:34','2026-02-01 21:57:34'),(221,'{\"Suma\": \"410,00\", \"Dátum\": \"19.1.2026\", \"Názov\": \"Operácia\", \"Kategória\": \"Mimi\"}',1,'The selected category is invalid.','2026-02-01 21:57:34','2026-02-01 21:57:34'),(222,'{\"Suma\": \"1,78\", \"Dátum\": \"19.1.2026\", \"Názov\": \"OBI\", \"Kategória\": \"Ostatné\"}',1,'The selected category is invalid.','2026-02-01 21:57:34','2026-02-01 21:57:34'),(223,'{\"Suma\": \"1,18\", \"Dátum\": \"19.1.2026\", \"Názov\": \"Tesco\", \"Kategória\": \"Potraviny\"}',1,'The selected category is invalid.','2026-02-01 21:57:34','2026-02-01 21:57:34'),(224,'{\"Suma\": \"5,17\", \"Dátum\": \"19.1.2026\", \"Názov\": \"Pet Center\", \"Kategória\": \"Mimi\"}',1,'The selected category is invalid.','2026-02-01 21:57:34','2026-02-01 21:57:34'),(225,'{\"Suma\": \"4,99\", \"Dátum\": \"20.1.2026\", \"Názov\": \"Billa\", \"Kategória\": \"Potraviny\"}',1,'The selected category is invalid.','2026-02-01 21:57:34','2026-02-01 21:57:34'),(226,'{\"Suma\": \"0,90\", \"Dátum\": \"20.1.2026\", \"Názov\": \"Automat na sladké\", \"Kategória\": \"Pochutiny\"}',1,'The selected category is invalid.','2026-02-01 21:57:34','2026-02-01 21:57:34'),(227,'{\"Suma\": \"20,99\", \"Dátum\": \"20.1.2026\", \"Názov\": \"YouTube Premium\", \"Kategória\": \"Online\"}',1,'The selected category is invalid.','2026-02-01 21:57:34','2026-02-01 21:57:34'),(228,'{\"Suma\": \"38,20\", \"Dátum\": \"20.1.2026\", \"Názov\": \"Billa\", \"Kategória\": \"Potraviny\"}',1,'The selected category is invalid.','2026-02-01 21:57:34','2026-02-01 21:57:34'),(229,'{\"Suma\": \"2,53\", \"Dátum\": \"21.1.2026\", \"Názov\": \"Kraj\", \"Kategória\": \"Potraviny\"}',1,'The selected category is invalid.','2026-02-01 21:57:34','2026-02-01 21:57:34'),(230,'{\"Suma\": \"1,10\", \"Dátum\": \"21.1.2026\", \"Názov\": \"Automat na sladké\", \"Kategória\": \"Pochutiny\"}',1,'The selected category is invalid.','2026-02-01 21:57:34','2026-02-01 21:57:34'),(231,'{\"Suma\": \"8,85\", \"Dátum\": \"22.1.2026\", \"Názov\": \"Billa\", \"Kategória\": \"Potraviny\"}',1,'The selected category is invalid.','2026-02-01 21:57:34','2026-02-01 21:57:34'),(232,'{\"Suma\": \"5,24\", \"Dátum\": \"22.1.2026\", \"Názov\": \"Veterinka\", \"Kategória\": \"Mimi\"}',1,'The selected category is invalid.','2026-02-01 21:57:34','2026-02-01 21:57:34'),(233,'{\"Suma\": \"2,84\", \"Dátum\": \"22.1.2026\", \"Názov\": \"Malina\", \"Kategória\": \"Potraviny\"}',1,'The selected category is invalid.','2026-02-01 21:57:34','2026-02-01 21:57:34'),(234,'{\"Suma\": \"3,17\", \"Dátum\": \"23.1.2026\", \"Názov\": \"Billa\", \"Kategória\": \"Potraviny\"}',1,'The selected category is invalid.','2026-02-01 21:57:34','2026-02-01 21:57:34'),(235,'{\"Suma\": \"3,98\", \"Dátum\": \"23.1.2026\", \"Názov\": \"Pet Center\", \"Kategória\": \"Mimi\"}',1,'The selected category is invalid.','2026-02-01 21:57:34','2026-02-01 21:57:34'),(236,'{\"Suma\": \"33,63\", \"Dátum\": \"23.1.2026\", \"Názov\": \"Billa\", \"Kategória\": \"Potraviny\"}',1,'The selected category is invalid.','2026-02-01 21:57:34','2026-02-01 21:57:34'),(237,'{\"Suma\": \"9,90\", \"Dátum\": \"23.1.2026\", \"Názov\": \"Starbucks\", \"Kategória\": \"Pochutiny\"}',1,'The selected category is invalid.','2026-02-01 21:57:34','2026-02-01 21:57:34'),(238,'{\"Suma\": \"20,99\", \"Dátum\": \"24.1.2026\", \"Názov\": \"YouTube Premium\", \"Kategória\": \"Online\"}',1,'The selected category is invalid.','2026-02-01 21:57:34','2026-02-01 21:57:34'),(239,'{\"Suma\": \"3,35\", \"Dátum\": \"24.1.2026\", \"Názov\": \"Tesco\", \"Kategória\": \"Potraviny\"}',1,'The selected category is invalid.','2026-02-01 21:57:34','2026-02-01 21:57:34'),(240,'{\"Suma\": \"11,63\", \"Dátum\": \"24.1.2026\", \"Názov\": \"Alza - rybičky\", \"Kategória\": \"Ostatné\"}',1,'The selected category is invalid.','2026-02-01 21:57:34','2026-02-01 21:57:34'),(241,'{\"Suma\": \"3,35\", \"Dátum\": \"25.1.2026\", \"Názov\": \"Lidl\", \"Kategória\": \"Potraviny\"}',1,'The selected category is invalid.','2026-02-01 21:57:34','2026-02-01 21:57:34'),(242,'{\"Suma\": \"5,97\", \"Dátum\": \"25.1.2026\", \"Názov\": \"Pet Center\", \"Kategória\": \"Mimi\"}',1,'The selected category is invalid.','2026-02-01 21:57:34','2026-02-01 21:57:34'),(243,'{\"Suma\": \"3,49\", \"Dátum\": \"25.1.2026\", \"Názov\": \"Môj obchod\", \"Kategória\": \"Potraviny\"}',1,'The selected category is invalid.','2026-02-01 21:57:34','2026-02-01 21:57:34'),(244,'{\"Suma\": \"5,41\", \"Dátum\": \"25.1.2026\", \"Názov\": \"Billa\", \"Kategória\": \"Potraviny\"}',1,'The selected category is invalid.','2026-02-01 21:57:34','2026-02-01 21:57:34'),(245,'{\"Suma\": \"1,10\", \"Dátum\": \"25.1.2026\", \"Názov\": \"Automat na sladké\", \"Kategória\": \"Pochutiny\"}',1,'The selected category is invalid.','2026-02-01 21:57:34','2026-02-01 21:57:34'),(246,'{\"Suma\": \"3,48\", \"Dátum\": \"26.1.2026\", \"Názov\": \"Kraj\", \"Kategória\": \"Potraviny\"}',1,'The selected category is invalid.','2026-02-01 21:57:34','2026-02-01 21:57:34'),(247,'{\"Suma\": \"1,00\", \"Dátum\": \"26.1.2026\", \"Názov\": \"Automat na sladké\", \"Kategória\": \"Pochutiny\"}',1,'The selected category is invalid.','2026-02-01 21:57:34','2026-02-01 21:57:34'),(248,'{\"Suma\": \"1,44\", \"Dátum\": \"26.1.2026\", \"Názov\": \"Lidl raňajky\", \"Kategória\": \"Potraviny\"}',1,'The selected category is invalid.','2026-02-01 21:57:34','2026-02-01 21:57:34'),(249,'{\"Suma\": \"2,69\", \"Dátum\": \"26.1.2026\", \"Názov\": \"OBI - Tmel\", \"Kategória\": \"Ostatné\"}',1,'The selected category is invalid.','2026-02-01 21:57:34','2026-02-01 21:57:34'),(250,'{\"Suma\": \"7,49\", \"Dátum\": \"1.1.2026\", \"Názov\": \"Apple\", \"Kategória\": \"Online\"}',2,NULL,'2026-02-01 22:01:05','2026-02-01 22:01:05'),(251,'{\"Suma\": \"3,24\", \"Dátum\": \"2.1.2026\", \"Názov\": \"Kraj\", \"Kategória\": \"Potraviny\"}',2,NULL,'2026-02-01 22:01:05','2026-02-01 22:01:05'),(252,'{\"Suma\": \"1,84\", \"Dátum\": \"7.1.2026\", \"Názov\": \"Billa\", \"Kategória\": \"Potraviny\"}',2,NULL,'2026-02-01 22:01:05','2026-02-01 22:01:05'),(253,'{\"Suma\": \"600,00\", \"Dátum\": \"9.1.2026\", \"Názov\": \"Nájom\", \"Kategória\": \"Bývanie\"}',2,NULL,'2026-02-01 22:01:05','2026-02-01 22:01:05'),(254,'{\"Suma\": \"100,00\", \"Dátum\": \"9.1.2026\", \"Názov\": \"Lenka pôžička\", \"Kategória\": \"Dlhy\"}',2,NULL,'2026-02-01 22:01:05','2026-02-01 22:01:05'),(255,'{\"Suma\": \"74,07\", \"Dátum\": \"9.1.2026\", \"Názov\": \"365 splátka\", \"Kategória\": \"Dlhy\"}',2,NULL,'2026-02-01 22:01:05','2026-02-01 22:01:05'),(256,'{\"Suma\": \"32,80\", \"Dátum\": \"9.1.2026\", \"Názov\": \"Faktúra telefón\", \"Kategória\": \"Telefón\"}',2,NULL,'2026-02-01 22:01:05','2026-02-01 22:01:05'),(257,'{\"Suma\": \"20,85\", \"Dátum\": \"9.1.2026\", \"Názov\": \"Billa\", \"Kategória\": \"Potraviny\"}',2,NULL,'2026-02-01 22:01:05','2026-02-01 22:01:05'),(258,'{\"Suma\": \"5,67\", \"Dátum\": \"9.1.2026\", \"Názov\": \"Billa\", \"Kategória\": \"Potraviny\"}',2,NULL,'2026-02-01 22:01:05','2026-02-01 22:01:05'),(259,'{\"Suma\": \"136,56\", \"Dátum\": \"10.1.2026\", \"Názov\": \"Home Credit\", \"Kategória\": \"Dlhy\"}',2,NULL,'2026-02-01 22:01:05','2026-02-01 22:01:05'),(260,'{\"Suma\": \"2,05\", \"Dátum\": \"10.1.2026\", \"Názov\": \"Billa\", \"Kategória\": \"Potraviny\"}',2,NULL,'2026-02-01 22:01:05','2026-02-01 22:01:05'),(261,'{\"Suma\": \"20,00\", \"Dátum\": \"10.1.2026\", \"Názov\": \"365 Bank\", \"Kategória\": \"Výber z bankomatu\"}',2,NULL,'2026-02-01 22:01:05','2026-02-01 22:01:05'),(262,'{\"Suma\": \"10,84\", \"Dátum\": \"10.1.2026\", \"Názov\": \"\", \"Kategória\": \"Lekáreň\"}',2,NULL,'2026-02-01 22:01:05','2026-02-01 22:01:05'),(263,'{\"Suma\": \"6,30\", \"Dátum\": \"10.1.2026\", \"Názov\": \"Lidl\", \"Kategória\": \"Potraviny\"}',2,NULL,'2026-02-01 22:01:05','2026-02-01 22:01:05'),(264,'{\"Suma\": \"7,99\", \"Dátum\": \"11.1.2026\", \"Názov\": \"Voyo\", \"Kategória\": \"Online\"}',2,NULL,'2026-02-01 22:01:05','2026-02-01 22:01:05'),(265,'{\"Suma\": \"4,94\", \"Dátum\": \"11.1.2026\", \"Názov\": \"Tesco\", \"Kategória\": \"Potraviny\"}',2,NULL,'2026-02-01 22:01:05','2026-02-01 22:01:05'),(266,'{\"Suma\": \"2,04\", \"Dátum\": \"11.1.2026\", \"Názov\": \"Slovnaft\", \"Kategória\": \"Potraviny\"}',2,NULL,'2026-02-01 22:01:05','2026-02-01 22:01:05'),(267,'{\"Suma\": \"100,00\", \"Dátum\": \"11.1.2026\", \"Názov\": \"Sanatorium účet\", \"Kategória\": \"Dlhy\"}',2,NULL,'2026-02-01 22:01:05','2026-02-01 22:01:05'),(268,'{\"Suma\": \"6,13\", \"Dátum\": \"11.1.2026\", \"Názov\": \"Billa\", \"Kategória\": \"Potraviny\"}',2,NULL,'2026-02-01 22:01:05','2026-02-01 22:01:05'),(269,'{\"Suma\": \"2,90\", \"Dátum\": \"11.1.2026\", \"Názov\": \"Pet Center\", \"Kategória\": \"Mimi\"}',2,NULL,'2026-02-01 22:01:05','2026-02-01 22:01:05'),(270,'{\"Suma\": \"4,00\", \"Dátum\": \"12.1.2026\", \"Názov\": \"Hero Hero\", \"Kategória\": \"Online\"}',2,NULL,'2026-02-01 22:01:05','2026-02-01 22:01:05'),(271,'{\"Suma\": \"46,09\", \"Dátum\": \"12.1.2026\", \"Názov\": \"Billa\", \"Kategória\": \"Potraviny\"}',2,NULL,'2026-02-01 22:01:05','2026-02-01 22:01:05'),(272,'{\"Suma\": \"1,10\", \"Dátum\": \"12.1.2026\", \"Názov\": \"Automat na sladké\", \"Kategória\": \"Pochutiny\"}',2,NULL,'2026-02-01 22:01:05','2026-02-01 22:01:05'),(273,'{\"Suma\": \"30,00\", \"Dátum\": \"12.1.2026\", \"Názov\": \"Prevod na Revolut\", \"Kategória\": \"Prevod na iný účet\"}',2,NULL,'2026-02-01 22:01:05','2026-02-01 22:01:05'),(274,'{\"Suma\": \"5,99\", \"Dátum\": \"12.1.2026\", \"Názov\": \"Badoo\", \"Kategória\": \"Online\"}',2,NULL,'2026-02-01 22:01:05','2026-02-01 22:01:05'),(275,'{\"Suma\": \"11,99\", \"Dátum\": \"12.1.2026\", \"Názov\": \"Voyo\", \"Kategória\": \"Online\"}',2,NULL,'2026-02-01 22:01:05','2026-02-01 22:01:05'),(276,'{\"Suma\": \"8,80\", \"Dátum\": \"12.1.2026\", \"Názov\": \"Veterina odčervenie\", \"Kategória\": \"Mimi\"}',2,NULL,'2026-02-01 22:01:05','2026-02-01 22:01:05'),(277,'{\"Suma\": \"5,49\", \"Dátum\": \"12.1.2026\", \"Názov\": \"Obi\", \"Kategória\": \"Ostatné\"}',2,NULL,'2026-02-01 22:01:05','2026-02-01 22:01:05'),(278,'{\"Suma\": \"1,59\", \"Dátum\": \"12.1.2026\", \"Názov\": \"Pet Center\", \"Kategória\": \"Mimi\"}',2,NULL,'2026-02-01 22:01:05','2026-02-01 22:01:05'),(279,'{\"Suma\": \"0,98\", \"Dátum\": \"12.1.2026\", \"Názov\": \"Lidl\", \"Kategória\": \"Potraviny\"}',2,NULL,'2026-02-01 22:01:05','2026-02-01 22:01:05'),(280,'{\"Suma\": \"19,90\", \"Dátum\": \"12.1.2026\", \"Názov\": \"Firmáreň\", \"Kategória\": \"Ostatné\"}',2,NULL,'2026-02-01 22:01:05','2026-02-01 22:01:05'),(281,'{\"Suma\": \"78,53\", \"Dátum\": \"13.1.2026\", \"Názov\": \"Predoperačné vyšetrenie\", \"Kategória\": \"Mimi\"}',2,NULL,'2026-02-01 22:01:05','2026-02-01 22:01:05'),(282,'{\"Suma\": \"5,38\", \"Dátum\": \"13.1.2026\", \"Názov\": \"Billa\", \"Kategória\": \"Potraviny\"}',2,NULL,'2026-02-01 22:01:05','2026-02-01 22:01:05'),(283,'{\"Suma\": \"15,76\", \"Dátum\": \"13.1.2026\", \"Názov\": \"Billa\", \"Kategória\": \"Potraviny\"}',2,NULL,'2026-02-01 22:01:05','2026-02-01 22:01:05'),(284,'{\"Suma\": \"2,99\", \"Dátum\": \"13.1.2026\", \"Názov\": \"Kraj\", \"Kategória\": \"Potraviny\"}',2,NULL,'2026-02-01 22:01:05','2026-02-01 22:01:05'),(285,'{\"Suma\": \"2,73\", \"Dátum\": \"13.1.2026\", \"Názov\": \"Kraj\", \"Kategória\": \"Potraviny\"}',2,NULL,'2026-02-01 22:01:05','2026-02-01 22:01:05'),(286,'{\"Suma\": \"9,00\", \"Dátum\": \"14.1.2026\", \"Názov\": \"Káva Martinus\", \"Kategória\": \"Pochutiny\"}',2,NULL,'2026-02-01 22:01:05','2026-02-01 22:01:05'),(287,'{\"Suma\": \"10,59\", \"Dátum\": \"14.1.2026\", \"Názov\": \"Dr. Max\", \"Kategória\": \"Lekáreň\"}',2,NULL,'2026-02-01 22:01:05','2026-02-01 22:01:05'),(288,'{\"Suma\": \"2,11\", \"Dátum\": \"14.1.2026\", \"Názov\": \"Billa\", \"Kategória\": \"Potraviny\"}',2,NULL,'2026-02-01 22:01:05','2026-02-01 22:01:05'),(289,'{\"Suma\": \"3,79\", \"Dátum\": \"14.1.2026\", \"Názov\": \"Tesco\", \"Kategória\": \"Potraviny\"}',2,NULL,'2026-02-01 22:01:05','2026-02-01 22:01:05'),(290,'{\"Suma\": \"1,99\", \"Dátum\": \"15.1.2026\", \"Názov\": \"Kraj\", \"Kategória\": \"Potraviny\"}',2,NULL,'2026-02-01 22:01:05','2026-02-01 22:01:05'),(291,'{\"Suma\": \"2,50\", \"Dátum\": \"15.1.2026\", \"Názov\": \"Bunda\", \"Kategória\": \"Oblečenie\"}',2,NULL,'2026-02-01 22:01:05','2026-02-01 22:01:05'),(292,'{\"Suma\": \"1,10\", \"Dátum\": \"15.1.2026\", \"Názov\": \"Automat na sladké\", \"Kategória\": \"Pochutiny\"}',2,NULL,'2026-02-01 22:01:05','2026-02-01 22:01:05'),(293,'{\"Suma\": \"5,40\", \"Dátum\": \"16.1.2026\", \"Názov\": \"Veterina\", \"Kategória\": \"Mimi\"}',2,NULL,'2026-02-01 22:01:05','2026-02-01 22:01:05'),(294,'{\"Suma\": \"5,09\", \"Dátum\": \"16.1.2026\", \"Názov\": \"Lidl\", \"Kategória\": \"Potraviny\"}',2,NULL,'2026-02-01 22:01:05','2026-02-01 22:01:05'),(295,'{\"Suma\": \"2,50\", \"Dátum\": \"16.1.2026\", \"Názov\": \"Planétka\", \"Kategória\": \"Pochutiny\"}',2,NULL,'2026-02-01 22:01:05','2026-02-01 22:01:05'),(296,'{\"Suma\": \"4,26\", \"Dátum\": \"17.1.2026\", \"Názov\": \"Tesco\", \"Kategória\": \"Potraviny\"}',2,NULL,'2026-02-01 22:01:05','2026-02-01 22:01:05'),(297,'{\"Suma\": \"33,07\", \"Dátum\": \"17.1.2026\", \"Názov\": \"Billa\", \"Kategória\": \"Potraviny\"}',2,NULL,'2026-02-01 22:01:05','2026-02-01 22:01:05'),(298,'{\"Suma\": \"2,79\", \"Dátum\": \"17.1.2026\", \"Názov\": \"Tesco\", \"Kategória\": \"Potraviny\"}',2,NULL,'2026-02-01 22:01:05','2026-02-01 22:01:05'),(299,'{\"Suma\": \"2,99\", \"Dátum\": \"18.1.2026\", \"Názov\": \"Apple iCloud\", \"Kategória\": \"Online\"}',2,NULL,'2026-02-01 22:01:05','2026-02-01 22:01:05'),(300,'{\"Suma\": \"2,69\", \"Dátum\": \"18.1.2026\", \"Názov\": \"Potraviny Julka\", \"Kategória\": \"Potraviny\"}',2,NULL,'2026-02-01 22:01:05','2026-02-01 22:01:05'),(301,'{\"Suma\": \"1,00\", \"Dátum\": \"18.1.2026\", \"Názov\": \"Automat na sladké\", \"Kategória\": \"Pochutiny\"}',2,NULL,'2026-02-01 22:01:05','2026-02-01 22:01:05'),(302,'{\"Suma\": \"5,76\", \"Dátum\": \"18.1.2026\", \"Názov\": \"Tesco\", \"Kategória\": \"Potraviny\"}',2,NULL,'2026-02-01 22:01:05','2026-02-01 22:01:05'),(303,'{\"Suma\": \"5,99\", \"Dátum\": \"19.1.2026\", \"Názov\": \"Apple\", \"Kategória\": \"Online\"}',2,NULL,'2026-02-01 22:01:05','2026-02-01 22:01:05'),(304,'{\"Suma\": \"410,00\", \"Dátum\": \"19.1.2026\", \"Názov\": \"Operácia\", \"Kategória\": \"Mimi\"}',2,NULL,'2026-02-01 22:01:05','2026-02-01 22:01:05'),(305,'{\"Suma\": \"1,78\", \"Dátum\": \"19.1.2026\", \"Názov\": \"OBI\", \"Kategória\": \"Ostatné\"}',2,NULL,'2026-02-01 22:01:05','2026-02-01 22:01:05'),(306,'{\"Suma\": \"1,18\", \"Dátum\": \"19.1.2026\", \"Názov\": \"Tesco\", \"Kategória\": \"Potraviny\"}',2,NULL,'2026-02-01 22:01:05','2026-02-01 22:01:05'),(307,'{\"Suma\": \"5,17\", \"Dátum\": \"19.1.2026\", \"Názov\": \"Pet Center\", \"Kategória\": \"Mimi\"}',2,NULL,'2026-02-01 22:01:05','2026-02-01 22:01:05'),(308,'{\"Suma\": \"4,99\", \"Dátum\": \"20.1.2026\", \"Názov\": \"Billa\", \"Kategória\": \"Potraviny\"}',2,NULL,'2026-02-01 22:01:05','2026-02-01 22:01:05'),(309,'{\"Suma\": \"0,90\", \"Dátum\": \"20.1.2026\", \"Názov\": \"Automat na sladké\", \"Kategória\": \"Pochutiny\"}',2,NULL,'2026-02-01 22:01:05','2026-02-01 22:01:05'),(310,'{\"Suma\": \"20,99\", \"Dátum\": \"20.1.2026\", \"Názov\": \"YouTube Premium\", \"Kategória\": \"Online\"}',2,NULL,'2026-02-01 22:01:05','2026-02-01 22:01:05'),(311,'{\"Suma\": \"38,20\", \"Dátum\": \"20.1.2026\", \"Názov\": \"Billa\", \"Kategória\": \"Potraviny\"}',2,NULL,'2026-02-01 22:01:05','2026-02-01 22:01:05'),(312,'{\"Suma\": \"2,53\", \"Dátum\": \"21.1.2026\", \"Názov\": \"Kraj\", \"Kategória\": \"Potraviny\"}',2,NULL,'2026-02-01 22:01:05','2026-02-01 22:01:05'),(313,'{\"Suma\": \"1,10\", \"Dátum\": \"21.1.2026\", \"Názov\": \"Automat na sladké\", \"Kategória\": \"Pochutiny\"}',2,NULL,'2026-02-01 22:01:05','2026-02-01 22:01:05'),(314,'{\"Suma\": \"8,85\", \"Dátum\": \"22.1.2026\", \"Názov\": \"Billa\", \"Kategória\": \"Potraviny\"}',2,NULL,'2026-02-01 22:01:05','2026-02-01 22:01:05'),(315,'{\"Suma\": \"5,24\", \"Dátum\": \"22.1.2026\", \"Názov\": \"Veterinka\", \"Kategória\": \"Mimi\"}',2,NULL,'2026-02-01 22:01:05','2026-02-01 22:01:05'),(316,'{\"Suma\": \"2,84\", \"Dátum\": \"22.1.2026\", \"Názov\": \"Malina\", \"Kategória\": \"Potraviny\"}',2,NULL,'2026-02-01 22:01:05','2026-02-01 22:01:05'),(317,'{\"Suma\": \"3,17\", \"Dátum\": \"23.1.2026\", \"Názov\": \"Billa\", \"Kategória\": \"Potraviny\"}',2,NULL,'2026-02-01 22:01:05','2026-02-01 22:01:05'),(318,'{\"Suma\": \"3,98\", \"Dátum\": \"23.1.2026\", \"Názov\": \"Pet Center\", \"Kategória\": \"Mimi\"}',2,NULL,'2026-02-01 22:01:05','2026-02-01 22:01:05'),(319,'{\"Suma\": \"33,63\", \"Dátum\": \"23.1.2026\", \"Názov\": \"Billa\", \"Kategória\": \"Potraviny\"}',2,NULL,'2026-02-01 22:01:05','2026-02-01 22:01:05'),(320,'{\"Suma\": \"9,90\", \"Dátum\": \"23.1.2026\", \"Názov\": \"Starbucks\", \"Kategória\": \"Pochutiny\"}',2,NULL,'2026-02-01 22:01:05','2026-02-01 22:01:05'),(321,'{\"Suma\": \"20,99\", \"Dátum\": \"24.1.2026\", \"Názov\": \"YouTube Premium\", \"Kategória\": \"Online\"}',2,NULL,'2026-02-01 22:01:05','2026-02-01 22:01:05'),(322,'{\"Suma\": \"3,35\", \"Dátum\": \"24.1.2026\", \"Názov\": \"Tesco\", \"Kategória\": \"Potraviny\"}',2,NULL,'2026-02-01 22:01:05','2026-02-01 22:01:05'),(323,'{\"Suma\": \"11,63\", \"Dátum\": \"24.1.2026\", \"Názov\": \"Alza - rybičky\", \"Kategória\": \"Ostatné\"}',2,NULL,'2026-02-01 22:01:05','2026-02-01 22:01:05'),(324,'{\"Suma\": \"3,35\", \"Dátum\": \"25.1.2026\", \"Názov\": \"Lidl\", \"Kategória\": \"Potraviny\"}',2,NULL,'2026-02-01 22:01:05','2026-02-01 22:01:05'),(325,'{\"Suma\": \"5,97\", \"Dátum\": \"25.1.2026\", \"Názov\": \"Pet Center\", \"Kategória\": \"Mimi\"}',2,NULL,'2026-02-01 22:01:05','2026-02-01 22:01:05'),(326,'{\"Suma\": \"3,49\", \"Dátum\": \"25.1.2026\", \"Názov\": \"Môj obchod\", \"Kategória\": \"Potraviny\"}',2,NULL,'2026-02-01 22:01:05','2026-02-01 22:01:05'),(327,'{\"Suma\": \"5,41\", \"Dátum\": \"25.1.2026\", \"Názov\": \"Billa\", \"Kategória\": \"Potraviny\"}',2,NULL,'2026-02-01 22:01:05','2026-02-01 22:01:05'),(328,'{\"Suma\": \"1,10\", \"Dátum\": \"25.1.2026\", \"Názov\": \"Automat na sladké\", \"Kategória\": \"Pochutiny\"}',2,NULL,'2026-02-01 22:01:05','2026-02-01 22:01:05'),(329,'{\"Suma\": \"3,48\", \"Dátum\": \"26.1.2026\", \"Názov\": \"Kraj\", \"Kategória\": \"Potraviny\"}',2,NULL,'2026-02-01 22:01:05','2026-02-01 22:01:05'),(330,'{\"Suma\": \"1,00\", \"Dátum\": \"26.1.2026\", \"Názov\": \"Automat na sladké\", \"Kategória\": \"Pochutiny\"}',2,NULL,'2026-02-01 22:01:05','2026-02-01 22:01:05'),(331,'{\"Suma\": \"1,44\", \"Dátum\": \"26.1.2026\", \"Názov\": \"Lidl raňajky\", \"Kategória\": \"Potraviny\"}',2,NULL,'2026-02-01 22:01:05','2026-02-01 22:01:05'),(332,'{\"Suma\": \"2,69\", \"Dátum\": \"26.1.2026\", \"Názov\": \"OBI - Tmel\", \"Kategória\": \"Ostatné\"}',2,NULL,'2026-02-01 22:01:05','2026-02-01 22:01:05'),(333,'{\"Suma\": \"7,49\", \"Dátum\": \"1.1.2026\", \"Názov\": \"Apple\", \"Kategória\": \"Online\"}',3,NULL,'2026-02-01 22:03:32','2026-02-01 22:03:32'),(334,'{\"Suma\": \"3,24\", \"Dátum\": \"2.1.2026\", \"Názov\": \"Kraj\", \"Kategória\": \"Potraviny\"}',3,NULL,'2026-02-01 22:03:32','2026-02-01 22:03:32'),(335,'{\"Suma\": \"1,84\", \"Dátum\": \"7.1.2026\", \"Názov\": \"Billa\", \"Kategória\": \"Potraviny\"}',3,NULL,'2026-02-01 22:03:32','2026-02-01 22:03:32'),(336,'{\"Suma\": \"600,00\", \"Dátum\": \"9.1.2026\", \"Názov\": \"Nájom\", \"Kategória\": \"Bývanie\"}',3,NULL,'2026-02-01 22:03:32','2026-02-01 22:03:32'),(337,'{\"Suma\": \"100,00\", \"Dátum\": \"9.1.2026\", \"Názov\": \"Lenka pôžička\", \"Kategória\": \"Dlhy\"}',3,NULL,'2026-02-01 22:03:32','2026-02-01 22:03:32'),(338,'{\"Suma\": \"74,07\", \"Dátum\": \"9.1.2026\", \"Názov\": \"365 splátka\", \"Kategória\": \"Dlhy\"}',3,NULL,'2026-02-01 22:03:32','2026-02-01 22:03:32'),(339,'{\"Suma\": \"32,80\", \"Dátum\": \"9.1.2026\", \"Názov\": \"Faktúra telefón\", \"Kategória\": \"Telefón\"}',3,NULL,'2026-02-01 22:03:32','2026-02-01 22:03:32'),(340,'{\"Suma\": \"20,85\", \"Dátum\": \"9.1.2026\", \"Názov\": \"Billa\", \"Kategória\": \"Potraviny\"}',3,NULL,'2026-02-01 22:03:32','2026-02-01 22:03:32'),(341,'{\"Suma\": \"5,67\", \"Dátum\": \"9.1.2026\", \"Názov\": \"Billa\", \"Kategória\": \"Potraviny\"}',3,NULL,'2026-02-01 22:03:32','2026-02-01 22:03:32'),(342,'{\"Suma\": \"136,56\", \"Dátum\": \"10.1.2026\", \"Názov\": \"Home Credit\", \"Kategória\": \"Dlhy\"}',3,NULL,'2026-02-01 22:03:32','2026-02-01 22:03:32'),(343,'{\"Suma\": \"2,05\", \"Dátum\": \"10.1.2026\", \"Názov\": \"Billa\", \"Kategória\": \"Potraviny\"}',3,NULL,'2026-02-01 22:03:32','2026-02-01 22:03:32'),(344,'{\"Suma\": \"20,00\", \"Dátum\": \"10.1.2026\", \"Názov\": \"365 Bank\", \"Kategória\": \"Výber z bankomatu\"}',3,NULL,'2026-02-01 22:03:32','2026-02-01 22:03:32'),(345,'{\"Suma\": \"10,84\", \"Dátum\": \"10.1.2026\", \"Názov\": \"\", \"Kategória\": \"Lekáreň\"}',3,'The title field is required.','2026-02-01 22:03:32','2026-02-01 22:03:32'),(346,'{\"Suma\": \"6,30\", \"Dátum\": \"10.1.2026\", \"Názov\": \"Lidl\", \"Kategória\": \"Potraviny\"}',3,NULL,'2026-02-01 22:03:32','2026-02-01 22:03:32'),(347,'{\"Suma\": \"7,99\", \"Dátum\": \"11.1.2026\", \"Názov\": \"Voyo\", \"Kategória\": \"Online\"}',3,NULL,'2026-02-01 22:03:32','2026-02-01 22:03:32'),(348,'{\"Suma\": \"4,94\", \"Dátum\": \"11.1.2026\", \"Názov\": \"Tesco\", \"Kategória\": \"Potraviny\"}',3,NULL,'2026-02-01 22:03:32','2026-02-01 22:03:32'),(349,'{\"Suma\": \"2,04\", \"Dátum\": \"11.1.2026\", \"Názov\": \"Slovnaft\", \"Kategória\": \"Potraviny\"}',3,NULL,'2026-02-01 22:03:32','2026-02-01 22:03:32'),(350,'{\"Suma\": \"100,00\", \"Dátum\": \"11.1.2026\", \"Názov\": \"Sanatorium účet\", \"Kategória\": \"Dlhy\"}',3,NULL,'2026-02-01 22:03:32','2026-02-01 22:03:32'),(351,'{\"Suma\": \"6,13\", \"Dátum\": \"11.1.2026\", \"Názov\": \"Billa\", \"Kategória\": \"Potraviny\"}',3,NULL,'2026-02-01 22:03:32','2026-02-01 22:03:32'),(352,'{\"Suma\": \"2,90\", \"Dátum\": \"11.1.2026\", \"Názov\": \"Pet Center\", \"Kategória\": \"Mimi\"}',3,NULL,'2026-02-01 22:03:32','2026-02-01 22:03:32'),(353,'{\"Suma\": \"4,00\", \"Dátum\": \"12.1.2026\", \"Názov\": \"Hero Hero\", \"Kategória\": \"Online\"}',3,NULL,'2026-02-01 22:03:32','2026-02-01 22:03:32'),(354,'{\"Suma\": \"46,09\", \"Dátum\": \"12.1.2026\", \"Názov\": \"Billa\", \"Kategória\": \"Potraviny\"}',3,NULL,'2026-02-01 22:03:32','2026-02-01 22:03:32'),(355,'{\"Suma\": \"1,10\", \"Dátum\": \"12.1.2026\", \"Názov\": \"Automat na sladké\", \"Kategória\": \"Pochutiny\"}',3,NULL,'2026-02-01 22:03:32','2026-02-01 22:03:32'),(356,'{\"Suma\": \"30,00\", \"Dátum\": \"12.1.2026\", \"Názov\": \"Prevod na Revolut\", \"Kategória\": \"Prevod na iný účet\"}',3,NULL,'2026-02-01 22:03:32','2026-02-01 22:03:32'),(357,'{\"Suma\": \"5,99\", \"Dátum\": \"12.1.2026\", \"Názov\": \"Badoo\", \"Kategória\": \"Online\"}',3,NULL,'2026-02-01 22:03:32','2026-02-01 22:03:32'),(358,'{\"Suma\": \"11,99\", \"Dátum\": \"12.1.2026\", \"Názov\": \"Voyo\", \"Kategória\": \"Online\"}',3,NULL,'2026-02-01 22:03:32','2026-02-01 22:03:32'),(359,'{\"Suma\": \"8,80\", \"Dátum\": \"12.1.2026\", \"Názov\": \"Veterina odčervenie\", \"Kategória\": \"Mimi\"}',3,NULL,'2026-02-01 22:03:32','2026-02-01 22:03:32'),(360,'{\"Suma\": \"5,49\", \"Dátum\": \"12.1.2026\", \"Názov\": \"Obi\", \"Kategória\": \"Ostatné\"}',3,NULL,'2026-02-01 22:03:32','2026-02-01 22:03:32'),(361,'{\"Suma\": \"1,59\", \"Dátum\": \"12.1.2026\", \"Názov\": \"Pet Center\", \"Kategória\": \"Mimi\"}',3,NULL,'2026-02-01 22:03:32','2026-02-01 22:03:32'),(362,'{\"Suma\": \"0,98\", \"Dátum\": \"12.1.2026\", \"Názov\": \"Lidl\", \"Kategória\": \"Potraviny\"}',3,NULL,'2026-02-01 22:03:32','2026-02-01 22:03:32'),(363,'{\"Suma\": \"19,90\", \"Dátum\": \"12.1.2026\", \"Názov\": \"Firmáreň\", \"Kategória\": \"Ostatné\"}',3,NULL,'2026-02-01 22:03:32','2026-02-01 22:03:32'),(364,'{\"Suma\": \"78,53\", \"Dátum\": \"13.1.2026\", \"Názov\": \"Predoperačné vyšetrenie\", \"Kategória\": \"Mimi\"}',3,NULL,'2026-02-01 22:03:32','2026-02-01 22:03:32'),(365,'{\"Suma\": \"5,38\", \"Dátum\": \"13.1.2026\", \"Názov\": \"Billa\", \"Kategória\": \"Potraviny\"}',3,NULL,'2026-02-01 22:03:32','2026-02-01 22:03:32'),(366,'{\"Suma\": \"15,76\", \"Dátum\": \"13.1.2026\", \"Názov\": \"Billa\", \"Kategória\": \"Potraviny\"}',3,NULL,'2026-02-01 22:03:32','2026-02-01 22:03:32'),(367,'{\"Suma\": \"2,99\", \"Dátum\": \"13.1.2026\", \"Názov\": \"Kraj\", \"Kategória\": \"Potraviny\"}',3,NULL,'2026-02-01 22:03:32','2026-02-01 22:03:32'),(368,'{\"Suma\": \"2,73\", \"Dátum\": \"13.1.2026\", \"Názov\": \"Kraj\", \"Kategória\": \"Potraviny\"}',3,NULL,'2026-02-01 22:03:32','2026-02-01 22:03:32'),(369,'{\"Suma\": \"9,00\", \"Dátum\": \"14.1.2026\", \"Názov\": \"Káva Martinus\", \"Kategória\": \"Pochutiny\"}',3,NULL,'2026-02-01 22:03:32','2026-02-01 22:03:32'),(370,'{\"Suma\": \"10,59\", \"Dátum\": \"14.1.2026\", \"Názov\": \"Dr. Max\", \"Kategória\": \"Lekáreň\"}',3,NULL,'2026-02-01 22:03:32','2026-02-01 22:03:32'),(371,'{\"Suma\": \"2,11\", \"Dátum\": \"14.1.2026\", \"Názov\": \"Billa\", \"Kategória\": \"Potraviny\"}',3,NULL,'2026-02-01 22:03:32','2026-02-01 22:03:32'),(372,'{\"Suma\": \"3,79\", \"Dátum\": \"14.1.2026\", \"Názov\": \"Tesco\", \"Kategória\": \"Potraviny\"}',3,NULL,'2026-02-01 22:03:32','2026-02-01 22:03:32'),(373,'{\"Suma\": \"1,99\", \"Dátum\": \"15.1.2026\", \"Názov\": \"Kraj\", \"Kategória\": \"Potraviny\"}',3,NULL,'2026-02-01 22:03:32','2026-02-01 22:03:32'),(374,'{\"Suma\": \"2,50\", \"Dátum\": \"15.1.2026\", \"Názov\": \"Bunda\", \"Kategória\": \"Oblečenie\"}',3,NULL,'2026-02-01 22:03:32','2026-02-01 22:03:32'),(375,'{\"Suma\": \"1,10\", \"Dátum\": \"15.1.2026\", \"Názov\": \"Automat na sladké\", \"Kategória\": \"Pochutiny\"}',3,NULL,'2026-02-01 22:03:32','2026-02-01 22:03:32'),(376,'{\"Suma\": \"5,40\", \"Dátum\": \"16.1.2026\", \"Názov\": \"Veterina\", \"Kategória\": \"Mimi\"}',3,NULL,'2026-02-01 22:03:32','2026-02-01 22:03:32'),(377,'{\"Suma\": \"5,09\", \"Dátum\": \"16.1.2026\", \"Názov\": \"Lidl\", \"Kategória\": \"Potraviny\"}',3,NULL,'2026-02-01 22:03:32','2026-02-01 22:03:32'),(378,'{\"Suma\": \"2,50\", \"Dátum\": \"16.1.2026\", \"Názov\": \"Planétka\", \"Kategória\": \"Pochutiny\"}',3,NULL,'2026-02-01 22:03:32','2026-02-01 22:03:32'),(379,'{\"Suma\": \"4,26\", \"Dátum\": \"17.1.2026\", \"Názov\": \"Tesco\", \"Kategória\": \"Potraviny\"}',3,NULL,'2026-02-01 22:03:32','2026-02-01 22:03:32'),(380,'{\"Suma\": \"33,07\", \"Dátum\": \"17.1.2026\", \"Názov\": \"Billa\", \"Kategória\": \"Potraviny\"}',3,NULL,'2026-02-01 22:03:32','2026-02-01 22:03:32'),(381,'{\"Suma\": \"2,79\", \"Dátum\": \"17.1.2026\", \"Názov\": \"Tesco\", \"Kategória\": \"Potraviny\"}',3,NULL,'2026-02-01 22:03:32','2026-02-01 22:03:32'),(382,'{\"Suma\": \"2,99\", \"Dátum\": \"18.1.2026\", \"Názov\": \"Apple iCloud\", \"Kategória\": \"Online\"}',3,NULL,'2026-02-01 22:03:32','2026-02-01 22:03:32'),(383,'{\"Suma\": \"2,69\", \"Dátum\": \"18.1.2026\", \"Názov\": \"Potraviny Julka\", \"Kategória\": \"Potraviny\"}',3,NULL,'2026-02-01 22:03:32','2026-02-01 22:03:32'),(384,'{\"Suma\": \"1,00\", \"Dátum\": \"18.1.2026\", \"Názov\": \"Automat na sladké\", \"Kategória\": \"Pochutiny\"}',3,NULL,'2026-02-01 22:03:32','2026-02-01 22:03:32'),(385,'{\"Suma\": \"5,76\", \"Dátum\": \"18.1.2026\", \"Názov\": \"Tesco\", \"Kategória\": \"Potraviny\"}',3,NULL,'2026-02-01 22:03:32','2026-02-01 22:03:32'),(386,'{\"Suma\": \"5,99\", \"Dátum\": \"19.1.2026\", \"Názov\": \"Apple\", \"Kategória\": \"Online\"}',3,NULL,'2026-02-01 22:03:32','2026-02-01 22:03:32'),(387,'{\"Suma\": \"410,00\", \"Dátum\": \"19.1.2026\", \"Názov\": \"Operácia\", \"Kategória\": \"Mimi\"}',3,NULL,'2026-02-01 22:03:32','2026-02-01 22:03:32'),(388,'{\"Suma\": \"1,78\", \"Dátum\": \"19.1.2026\", \"Názov\": \"OBI\", \"Kategória\": \"Ostatné\"}',3,NULL,'2026-02-01 22:03:32','2026-02-01 22:03:32'),(389,'{\"Suma\": \"1,18\", \"Dátum\": \"19.1.2026\", \"Názov\": \"Tesco\", \"Kategória\": \"Potraviny\"}',3,NULL,'2026-02-01 22:03:32','2026-02-01 22:03:32'),(390,'{\"Suma\": \"5,17\", \"Dátum\": \"19.1.2026\", \"Názov\": \"Pet Center\", \"Kategória\": \"Mimi\"}',3,NULL,'2026-02-01 22:03:32','2026-02-01 22:03:32'),(391,'{\"Suma\": \"4,99\", \"Dátum\": \"20.1.2026\", \"Názov\": \"Billa\", \"Kategória\": \"Potraviny\"}',3,NULL,'2026-02-01 22:03:32','2026-02-01 22:03:32'),(392,'{\"Suma\": \"0,90\", \"Dátum\": \"20.1.2026\", \"Názov\": \"Automat na sladké\", \"Kategória\": \"Pochutiny\"}',3,NULL,'2026-02-01 22:03:32','2026-02-01 22:03:32'),(393,'{\"Suma\": \"20,99\", \"Dátum\": \"20.1.2026\", \"Názov\": \"YouTube Premium\", \"Kategória\": \"Online\"}',3,NULL,'2026-02-01 22:03:32','2026-02-01 22:03:32'),(394,'{\"Suma\": \"38,20\", \"Dátum\": \"20.1.2026\", \"Názov\": \"Billa\", \"Kategória\": \"Potraviny\"}',3,NULL,'2026-02-01 22:03:32','2026-02-01 22:03:32'),(395,'{\"Suma\": \"2,53\", \"Dátum\": \"21.1.2026\", \"Názov\": \"Kraj\", \"Kategória\": \"Potraviny\"}',3,NULL,'2026-02-01 22:03:32','2026-02-01 22:03:32'),(396,'{\"Suma\": \"1,10\", \"Dátum\": \"21.1.2026\", \"Názov\": \"Automat na sladké\", \"Kategória\": \"Pochutiny\"}',3,NULL,'2026-02-01 22:03:32','2026-02-01 22:03:32'),(397,'{\"Suma\": \"8,85\", \"Dátum\": \"22.1.2026\", \"Názov\": \"Billa\", \"Kategória\": \"Potraviny\"}',3,NULL,'2026-02-01 22:03:32','2026-02-01 22:03:32'),(398,'{\"Suma\": \"5,24\", \"Dátum\": \"22.1.2026\", \"Názov\": \"Veterinka\", \"Kategória\": \"Mimi\"}',3,NULL,'2026-02-01 22:03:32','2026-02-01 22:03:32'),(399,'{\"Suma\": \"2,84\", \"Dátum\": \"22.1.2026\", \"Názov\": \"Malina\", \"Kategória\": \"Potraviny\"}',3,NULL,'2026-02-01 22:03:32','2026-02-01 22:03:32'),(400,'{\"Suma\": \"3,17\", \"Dátum\": \"23.1.2026\", \"Názov\": \"Billa\", \"Kategória\": \"Potraviny\"}',3,NULL,'2026-02-01 22:03:32','2026-02-01 22:03:32'),(401,'{\"Suma\": \"3,98\", \"Dátum\": \"23.1.2026\", \"Názov\": \"Pet Center\", \"Kategória\": \"Mimi\"}',3,NULL,'2026-02-01 22:03:32','2026-02-01 22:03:32'),(402,'{\"Suma\": \"33,63\", \"Dátum\": \"23.1.2026\", \"Názov\": \"Billa\", \"Kategória\": \"Potraviny\"}',3,NULL,'2026-02-01 22:03:32','2026-02-01 22:03:32'),(403,'{\"Suma\": \"9,90\", \"Dátum\": \"23.1.2026\", \"Názov\": \"Starbucks\", \"Kategória\": \"Pochutiny\"}',3,NULL,'2026-02-01 22:03:32','2026-02-01 22:03:32'),(404,'{\"Suma\": \"20,99\", \"Dátum\": \"24.1.2026\", \"Názov\": \"YouTube Premium\", \"Kategória\": \"Online\"}',3,NULL,'2026-02-01 22:03:32','2026-02-01 22:03:32'),(405,'{\"Suma\": \"3,35\", \"Dátum\": \"24.1.2026\", \"Názov\": \"Tesco\", \"Kategória\": \"Potraviny\"}',3,NULL,'2026-02-01 22:03:32','2026-02-01 22:03:32'),(406,'{\"Suma\": \"11,63\", \"Dátum\": \"24.1.2026\", \"Názov\": \"Alza - rybičky\", \"Kategória\": \"Ostatné\"}',3,NULL,'2026-02-01 22:03:32','2026-02-01 22:03:32'),(407,'{\"Suma\": \"3,35\", \"Dátum\": \"25.1.2026\", \"Názov\": \"Lidl\", \"Kategória\": \"Potraviny\"}',3,NULL,'2026-02-01 22:03:32','2026-02-01 22:03:32'),(408,'{\"Suma\": \"5,97\", \"Dátum\": \"25.1.2026\", \"Názov\": \"Pet Center\", \"Kategória\": \"Mimi\"}',3,NULL,'2026-02-01 22:03:32','2026-02-01 22:03:32'),(409,'{\"Suma\": \"3,49\", \"Dátum\": \"25.1.2026\", \"Názov\": \"Môj obchod\", \"Kategória\": \"Potraviny\"}',3,NULL,'2026-02-01 22:03:32','2026-02-01 22:03:32'),(410,'{\"Suma\": \"5,41\", \"Dátum\": \"25.1.2026\", \"Názov\": \"Billa\", \"Kategória\": \"Potraviny\"}',3,NULL,'2026-02-01 22:03:32','2026-02-01 22:03:32'),(411,'{\"Suma\": \"1,10\", \"Dátum\": \"25.1.2026\", \"Názov\": \"Automat na sladké\", \"Kategória\": \"Pochutiny\"}',3,NULL,'2026-02-01 22:03:32','2026-02-01 22:03:32'),(412,'{\"Suma\": \"3,48\", \"Dátum\": \"26.1.2026\", \"Názov\": \"Kraj\", \"Kategória\": \"Potraviny\"}',3,NULL,'2026-02-01 22:03:32','2026-02-01 22:03:32'),(413,'{\"Suma\": \"1,00\", \"Dátum\": \"26.1.2026\", \"Názov\": \"Automat na sladké\", \"Kategória\": \"Pochutiny\"}',3,NULL,'2026-02-01 22:03:32','2026-02-01 22:03:32'),(414,'{\"Suma\": \"1,44\", \"Dátum\": \"26.1.2026\", \"Názov\": \"Lidl raňajky\", \"Kategória\": \"Potraviny\"}',3,NULL,'2026-02-01 22:03:32','2026-02-01 22:03:32'),(415,'{\"Suma\": \"2,69\", \"Dátum\": \"26.1.2026\", \"Názov\": \"OBI - Tmel\", \"Kategória\": \"Ostatné\"}',3,NULL,'2026-02-01 22:03:32','2026-02-01 22:03:32'),(416,'{\"Suma\": \"7,49\", \"Dátum\": \"1.1.2026\", \"Názov\": \"Apple\", \"Kategória\": \"Online\"}',4,NULL,'2026-02-01 22:04:07','2026-02-01 22:04:07'),(417,'{\"Suma\": \"3,24\", \"Dátum\": \"2.1.2026\", \"Názov\": \"Kraj\", \"Kategória\": \"Potraviny\"}',4,NULL,'2026-02-01 22:04:07','2026-02-01 22:04:07'),(418,'{\"Suma\": \"1,84\", \"Dátum\": \"7.1.2026\", \"Názov\": \"Billa\", \"Kategória\": \"Potraviny\"}',4,NULL,'2026-02-01 22:04:07','2026-02-01 22:04:07'),(419,'{\"Suma\": \"600,00\", \"Dátum\": \"9.1.2026\", \"Názov\": \"Nájom\", \"Kategória\": \"Bývanie\"}',4,NULL,'2026-02-01 22:04:07','2026-02-01 22:04:07'),(420,'{\"Suma\": \"100,00\", \"Dátum\": \"9.1.2026\", \"Názov\": \"Lenka pôžička\", \"Kategória\": \"Dlhy\"}',4,NULL,'2026-02-01 22:04:07','2026-02-01 22:04:07'),(421,'{\"Suma\": \"74,07\", \"Dátum\": \"9.1.2026\", \"Názov\": \"365 splátka\", \"Kategória\": \"Dlhy\"}',4,NULL,'2026-02-01 22:04:07','2026-02-01 22:04:07'),(422,'{\"Suma\": \"32,80\", \"Dátum\": \"9.1.2026\", \"Názov\": \"Faktúra telefón\", \"Kategória\": \"Telefón\"}',4,NULL,'2026-02-01 22:04:07','2026-02-01 22:04:07'),(423,'{\"Suma\": \"20,85\", \"Dátum\": \"9.1.2026\", \"Názov\": \"Billa\", \"Kategória\": \"Potraviny\"}',4,NULL,'2026-02-01 22:04:07','2026-02-01 22:04:07'),(424,'{\"Suma\": \"5,67\", \"Dátum\": \"9.1.2026\", \"Názov\": \"Billa\", \"Kategória\": \"Potraviny\"}',4,NULL,'2026-02-01 22:04:07','2026-02-01 22:04:07'),(425,'{\"Suma\": \"136,56\", \"Dátum\": \"10.1.2026\", \"Názov\": \"Home Credit\", \"Kategória\": \"Dlhy\"}',4,NULL,'2026-02-01 22:04:07','2026-02-01 22:04:07'),(426,'{\"Suma\": \"2,05\", \"Dátum\": \"10.1.2026\", \"Názov\": \"Billa\", \"Kategória\": \"Potraviny\"}',4,NULL,'2026-02-01 22:04:07','2026-02-01 22:04:07'),(427,'{\"Suma\": \"20,00\", \"Dátum\": \"10.1.2026\", \"Názov\": \"365 Bank\", \"Kategória\": \"Výber z bankomatu\"}',4,NULL,'2026-02-01 22:04:07','2026-02-01 22:04:07'),(428,'{\"Suma\": \"10,84\", \"Dátum\": \"10.1.2026\", \"Názov\": \"\", \"Kategória\": \"Lekáreň\"}',4,'The title field is required.','2026-02-01 22:04:07','2026-02-01 22:04:07'),(429,'{\"Suma\": \"6,30\", \"Dátum\": \"10.1.2026\", \"Názov\": \"Lidl\", \"Kategória\": \"Potraviny\"}',4,NULL,'2026-02-01 22:04:07','2026-02-01 22:04:07'),(430,'{\"Suma\": \"7,99\", \"Dátum\": \"11.1.2026\", \"Názov\": \"Voyo\", \"Kategória\": \"Online\"}',4,NULL,'2026-02-01 22:04:07','2026-02-01 22:04:07'),(431,'{\"Suma\": \"4,94\", \"Dátum\": \"11.1.2026\", \"Názov\": \"Tesco\", \"Kategória\": \"Potraviny\"}',4,NULL,'2026-02-01 22:04:07','2026-02-01 22:04:07'),(432,'{\"Suma\": \"2,04\", \"Dátum\": \"11.1.2026\", \"Názov\": \"Slovnaft\", \"Kategória\": \"Potraviny\"}',4,NULL,'2026-02-01 22:04:07','2026-02-01 22:04:07'),(433,'{\"Suma\": \"100,00\", \"Dátum\": \"11.1.2026\", \"Názov\": \"Sanatorium účet\", \"Kategória\": \"Dlhy\"}',4,NULL,'2026-02-01 22:04:07','2026-02-01 22:04:07'),(434,'{\"Suma\": \"6,13\", \"Dátum\": \"11.1.2026\", \"Názov\": \"Billa\", \"Kategória\": \"Potraviny\"}',4,NULL,'2026-02-01 22:04:07','2026-02-01 22:04:07'),(435,'{\"Suma\": \"2,90\", \"Dátum\": \"11.1.2026\", \"Názov\": \"Pet Center\", \"Kategória\": \"Mimi\"}',4,NULL,'2026-02-01 22:04:07','2026-02-01 22:04:07'),(436,'{\"Suma\": \"4,00\", \"Dátum\": \"12.1.2026\", \"Názov\": \"Hero Hero\", \"Kategória\": \"Online\"}',4,NULL,'2026-02-01 22:04:07','2026-02-01 22:04:07'),(437,'{\"Suma\": \"46,09\", \"Dátum\": \"12.1.2026\", \"Názov\": \"Billa\", \"Kategória\": \"Potraviny\"}',4,NULL,'2026-02-01 22:04:07','2026-02-01 22:04:07'),(438,'{\"Suma\": \"1,10\", \"Dátum\": \"12.1.2026\", \"Názov\": \"Automat na sladké\", \"Kategória\": \"Pochutiny\"}',4,NULL,'2026-02-01 22:04:07','2026-02-01 22:04:07'),(439,'{\"Suma\": \"30,00\", \"Dátum\": \"12.1.2026\", \"Názov\": \"Prevod na Revolut\", \"Kategória\": \"Prevod na iný účet\"}',4,NULL,'2026-02-01 22:04:07','2026-02-01 22:04:07'),(440,'{\"Suma\": \"5,99\", \"Dátum\": \"12.1.2026\", \"Názov\": \"Badoo\", \"Kategória\": \"Online\"}',4,NULL,'2026-02-01 22:04:07','2026-02-01 22:04:07'),(441,'{\"Suma\": \"11,99\", \"Dátum\": \"12.1.2026\", \"Názov\": \"Voyo\", \"Kategória\": \"Online\"}',4,NULL,'2026-02-01 22:04:07','2026-02-01 22:04:07'),(442,'{\"Suma\": \"8,80\", \"Dátum\": \"12.1.2026\", \"Názov\": \"Veterina odčervenie\", \"Kategória\": \"Mimi\"}',4,NULL,'2026-02-01 22:04:07','2026-02-01 22:04:07'),(443,'{\"Suma\": \"5,49\", \"Dátum\": \"12.1.2026\", \"Názov\": \"Obi\", \"Kategória\": \"Ostatné\"}',4,NULL,'2026-02-01 22:04:07','2026-02-01 22:04:07'),(444,'{\"Suma\": \"1,59\", \"Dátum\": \"12.1.2026\", \"Názov\": \"Pet Center\", \"Kategória\": \"Mimi\"}',4,NULL,'2026-02-01 22:04:07','2026-02-01 22:04:07'),(445,'{\"Suma\": \"0,98\", \"Dátum\": \"12.1.2026\", \"Názov\": \"Lidl\", \"Kategória\": \"Potraviny\"}',4,NULL,'2026-02-01 22:04:07','2026-02-01 22:04:07'),(446,'{\"Suma\": \"19,90\", \"Dátum\": \"12.1.2026\", \"Názov\": \"Firmáreň\", \"Kategória\": \"Ostatné\"}',4,NULL,'2026-02-01 22:04:07','2026-02-01 22:04:07'),(447,'{\"Suma\": \"78,53\", \"Dátum\": \"13.1.2026\", \"Názov\": \"Predoperačné vyšetrenie\", \"Kategória\": \"Mimi\"}',4,NULL,'2026-02-01 22:04:07','2026-02-01 22:04:07'),(448,'{\"Suma\": \"5,38\", \"Dátum\": \"13.1.2026\", \"Názov\": \"Billa\", \"Kategória\": \"Potraviny\"}',4,NULL,'2026-02-01 22:04:07','2026-02-01 22:04:07'),(449,'{\"Suma\": \"15,76\", \"Dátum\": \"13.1.2026\", \"Názov\": \"Billa\", \"Kategória\": \"Potraviny\"}',4,NULL,'2026-02-01 22:04:07','2026-02-01 22:04:07'),(450,'{\"Suma\": \"2,99\", \"Dátum\": \"13.1.2026\", \"Názov\": \"Kraj\", \"Kategória\": \"Potraviny\"}',4,NULL,'2026-02-01 22:04:07','2026-02-01 22:04:07'),(451,'{\"Suma\": \"2,73\", \"Dátum\": \"13.1.2026\", \"Názov\": \"Kraj\", \"Kategória\": \"Potraviny\"}',4,NULL,'2026-02-01 22:04:07','2026-02-01 22:04:07'),(452,'{\"Suma\": \"9,00\", \"Dátum\": \"14.1.2026\", \"Názov\": \"Káva Martinus\", \"Kategória\": \"Pochutiny\"}',4,NULL,'2026-02-01 22:04:07','2026-02-01 22:04:07'),(453,'{\"Suma\": \"10,59\", \"Dátum\": \"14.1.2026\", \"Názov\": \"Dr. Max\", \"Kategória\": \"Lekáreň\"}',4,NULL,'2026-02-01 22:04:07','2026-02-01 22:04:07'),(454,'{\"Suma\": \"2,11\", \"Dátum\": \"14.1.2026\", \"Názov\": \"Billa\", \"Kategória\": \"Potraviny\"}',4,NULL,'2026-02-01 22:04:07','2026-02-01 22:04:07'),(455,'{\"Suma\": \"3,79\", \"Dátum\": \"14.1.2026\", \"Názov\": \"Tesco\", \"Kategória\": \"Potraviny\"}',4,NULL,'2026-02-01 22:04:07','2026-02-01 22:04:07'),(456,'{\"Suma\": \"1,99\", \"Dátum\": \"15.1.2026\", \"Názov\": \"Kraj\", \"Kategória\": \"Potraviny\"}',4,NULL,'2026-02-01 22:04:07','2026-02-01 22:04:07'),(457,'{\"Suma\": \"2,50\", \"Dátum\": \"15.1.2026\", \"Názov\": \"Bunda\", \"Kategória\": \"Oblečenie\"}',4,NULL,'2026-02-01 22:04:07','2026-02-01 22:04:07'),(458,'{\"Suma\": \"1,10\", \"Dátum\": \"15.1.2026\", \"Názov\": \"Automat na sladké\", \"Kategória\": \"Pochutiny\"}',4,NULL,'2026-02-01 22:04:07','2026-02-01 22:04:07'),(459,'{\"Suma\": \"5,40\", \"Dátum\": \"16.1.2026\", \"Názov\": \"Veterina\", \"Kategória\": \"Mimi\"}',4,NULL,'2026-02-01 22:04:07','2026-02-01 22:04:07'),(460,'{\"Suma\": \"5,09\", \"Dátum\": \"16.1.2026\", \"Názov\": \"Lidl\", \"Kategória\": \"Potraviny\"}',4,NULL,'2026-02-01 22:04:07','2026-02-01 22:04:07'),(461,'{\"Suma\": \"2,50\", \"Dátum\": \"16.1.2026\", \"Názov\": \"Planétka\", \"Kategória\": \"Pochutiny\"}',4,NULL,'2026-02-01 22:04:07','2026-02-01 22:04:07'),(462,'{\"Suma\": \"4,26\", \"Dátum\": \"17.1.2026\", \"Názov\": \"Tesco\", \"Kategória\": \"Potraviny\"}',4,NULL,'2026-02-01 22:04:07','2026-02-01 22:04:07'),(463,'{\"Suma\": \"33,07\", \"Dátum\": \"17.1.2026\", \"Názov\": \"Billa\", \"Kategória\": \"Potraviny\"}',4,NULL,'2026-02-01 22:04:07','2026-02-01 22:04:07'),(464,'{\"Suma\": \"2,79\", \"Dátum\": \"17.1.2026\", \"Názov\": \"Tesco\", \"Kategória\": \"Potraviny\"}',4,NULL,'2026-02-01 22:04:07','2026-02-01 22:04:07'),(465,'{\"Suma\": \"2,99\", \"Dátum\": \"18.1.2026\", \"Názov\": \"Apple iCloud\", \"Kategória\": \"Online\"}',4,NULL,'2026-02-01 22:04:07','2026-02-01 22:04:07'),(466,'{\"Suma\": \"2,69\", \"Dátum\": \"18.1.2026\", \"Názov\": \"Potraviny Julka\", \"Kategória\": \"Potraviny\"}',4,NULL,'2026-02-01 22:04:07','2026-02-01 22:04:07'),(467,'{\"Suma\": \"1,00\", \"Dátum\": \"18.1.2026\", \"Názov\": \"Automat na sladké\", \"Kategória\": \"Pochutiny\"}',4,NULL,'2026-02-01 22:04:07','2026-02-01 22:04:07'),(468,'{\"Suma\": \"5,76\", \"Dátum\": \"18.1.2026\", \"Názov\": \"Tesco\", \"Kategória\": \"Potraviny\"}',4,NULL,'2026-02-01 22:04:07','2026-02-01 22:04:07'),(469,'{\"Suma\": \"5,99\", \"Dátum\": \"19.1.2026\", \"Názov\": \"Apple\", \"Kategória\": \"Online\"}',4,NULL,'2026-02-01 22:04:07','2026-02-01 22:04:07'),(470,'{\"Suma\": \"410,00\", \"Dátum\": \"19.1.2026\", \"Názov\": \"Operácia\", \"Kategória\": \"Mimi\"}',4,NULL,'2026-02-01 22:04:07','2026-02-01 22:04:07'),(471,'{\"Suma\": \"1,78\", \"Dátum\": \"19.1.2026\", \"Názov\": \"OBI\", \"Kategória\": \"Ostatné\"}',4,NULL,'2026-02-01 22:04:07','2026-02-01 22:04:07'),(472,'{\"Suma\": \"1,18\", \"Dátum\": \"19.1.2026\", \"Názov\": \"Tesco\", \"Kategória\": \"Potraviny\"}',4,NULL,'2026-02-01 22:04:07','2026-02-01 22:04:07'),(473,'{\"Suma\": \"5,17\", \"Dátum\": \"19.1.2026\", \"Názov\": \"Pet Center\", \"Kategória\": \"Mimi\"}',4,NULL,'2026-02-01 22:04:07','2026-02-01 22:04:07'),(474,'{\"Suma\": \"4,99\", \"Dátum\": \"20.1.2026\", \"Názov\": \"Billa\", \"Kategória\": \"Potraviny\"}',4,NULL,'2026-02-01 22:04:07','2026-02-01 22:04:07'),(475,'{\"Suma\": \"0,90\", \"Dátum\": \"20.1.2026\", \"Názov\": \"Automat na sladké\", \"Kategória\": \"Pochutiny\"}',4,NULL,'2026-02-01 22:04:07','2026-02-01 22:04:07'),(476,'{\"Suma\": \"20,99\", \"Dátum\": \"20.1.2026\", \"Názov\": \"YouTube Premium\", \"Kategória\": \"Online\"}',4,NULL,'2026-02-01 22:04:07','2026-02-01 22:04:07'),(477,'{\"Suma\": \"38,20\", \"Dátum\": \"20.1.2026\", \"Názov\": \"Billa\", \"Kategória\": \"Potraviny\"}',4,NULL,'2026-02-01 22:04:07','2026-02-01 22:04:07'),(478,'{\"Suma\": \"2,53\", \"Dátum\": \"21.1.2026\", \"Názov\": \"Kraj\", \"Kategória\": \"Potraviny\"}',4,NULL,'2026-02-01 22:04:07','2026-02-01 22:04:07'),(479,'{\"Suma\": \"1,10\", \"Dátum\": \"21.1.2026\", \"Názov\": \"Automat na sladké\", \"Kategória\": \"Pochutiny\"}',4,NULL,'2026-02-01 22:04:07','2026-02-01 22:04:07'),(480,'{\"Suma\": \"8,85\", \"Dátum\": \"22.1.2026\", \"Názov\": \"Billa\", \"Kategória\": \"Potraviny\"}',4,NULL,'2026-02-01 22:04:07','2026-02-01 22:04:07'),(481,'{\"Suma\": \"5,24\", \"Dátum\": \"22.1.2026\", \"Názov\": \"Veterinka\", \"Kategória\": \"Mimi\"}',4,NULL,'2026-02-01 22:04:07','2026-02-01 22:04:07'),(482,'{\"Suma\": \"2,84\", \"Dátum\": \"22.1.2026\", \"Názov\": \"Malina\", \"Kategória\": \"Potraviny\"}',4,NULL,'2026-02-01 22:04:07','2026-02-01 22:04:07'),(483,'{\"Suma\": \"3,17\", \"Dátum\": \"23.1.2026\", \"Názov\": \"Billa\", \"Kategória\": \"Potraviny\"}',4,NULL,'2026-02-01 22:04:07','2026-02-01 22:04:07'),(484,'{\"Suma\": \"3,98\", \"Dátum\": \"23.1.2026\", \"Názov\": \"Pet Center\", \"Kategória\": \"Mimi\"}',4,NULL,'2026-02-01 22:04:07','2026-02-01 22:04:07'),(485,'{\"Suma\": \"33,63\", \"Dátum\": \"23.1.2026\", \"Názov\": \"Billa\", \"Kategória\": \"Potraviny\"}',4,NULL,'2026-02-01 22:04:07','2026-02-01 22:04:07'),(486,'{\"Suma\": \"9,90\", \"Dátum\": \"23.1.2026\", \"Názov\": \"Starbucks\", \"Kategória\": \"Pochutiny\"}',4,NULL,'2026-02-01 22:04:07','2026-02-01 22:04:07'),(487,'{\"Suma\": \"20,99\", \"Dátum\": \"24.1.2026\", \"Názov\": \"YouTube Premium\", \"Kategória\": \"Online\"}',4,NULL,'2026-02-01 22:04:07','2026-02-01 22:04:07'),(488,'{\"Suma\": \"3,35\", \"Dátum\": \"24.1.2026\", \"Názov\": \"Tesco\", \"Kategória\": \"Potraviny\"}',4,NULL,'2026-02-01 22:04:07','2026-02-01 22:04:07'),(489,'{\"Suma\": \"11,63\", \"Dátum\": \"24.1.2026\", \"Názov\": \"Alza - rybičky\", \"Kategória\": \"Ostatné\"}',4,NULL,'2026-02-01 22:04:07','2026-02-01 22:04:07'),(490,'{\"Suma\": \"3,35\", \"Dátum\": \"25.1.2026\", \"Názov\": \"Lidl\", \"Kategória\": \"Potraviny\"}',4,NULL,'2026-02-01 22:04:07','2026-02-01 22:04:07'),(491,'{\"Suma\": \"5,97\", \"Dátum\": \"25.1.2026\", \"Názov\": \"Pet Center\", \"Kategória\": \"Mimi\"}',4,NULL,'2026-02-01 22:04:07','2026-02-01 22:04:07'),(492,'{\"Suma\": \"3,49\", \"Dátum\": \"25.1.2026\", \"Názov\": \"Môj obchod\", \"Kategória\": \"Potraviny\"}',4,NULL,'2026-02-01 22:04:07','2026-02-01 22:04:07'),(493,'{\"Suma\": \"5,41\", \"Dátum\": \"25.1.2026\", \"Názov\": \"Billa\", \"Kategória\": \"Potraviny\"}',4,NULL,'2026-02-01 22:04:07','2026-02-01 22:04:07'),(494,'{\"Suma\": \"1,10\", \"Dátum\": \"25.1.2026\", \"Názov\": \"Automat na sladké\", \"Kategória\": \"Pochutiny\"}',4,NULL,'2026-02-01 22:04:07','2026-02-01 22:04:07'),(495,'{\"Suma\": \"3,48\", \"Dátum\": \"26.1.2026\", \"Názov\": \"Kraj\", \"Kategória\": \"Potraviny\"}',4,NULL,'2026-02-01 22:04:07','2026-02-01 22:04:07'),(496,'{\"Suma\": \"1,00\", \"Dátum\": \"26.1.2026\", \"Názov\": \"Automat na sladké\", \"Kategória\": \"Pochutiny\"}',4,NULL,'2026-02-01 22:04:07','2026-02-01 22:04:07'),(497,'{\"Suma\": \"1,44\", \"Dátum\": \"26.1.2026\", \"Názov\": \"Lidl raňajky\", \"Kategória\": \"Potraviny\"}',4,NULL,'2026-02-01 22:04:07','2026-02-01 22:04:07'),(498,'{\"Suma\": \"2,69\", \"Dátum\": \"26.1.2026\", \"Názov\": \"OBI - Tmel\", \"Kategória\": \"Ostatné\"}',4,NULL,'2026-02-01 22:04:07','2026-02-01 22:04:07'),(499,'{\"Suma\": \"7,49\", \"Dátum\": \"1.1.2026\", \"Názov\": \"Apple\", \"Kategória\": \"Online\"}',5,NULL,'2026-02-01 22:07:13','2026-02-01 22:07:13'),(500,'{\"Suma\": \"3,24\", \"Dátum\": \"2.1.2026\", \"Názov\": \"Kraj\", \"Kategória\": \"Potraviny\"}',5,NULL,'2026-02-01 22:07:13','2026-02-01 22:07:13'),(501,'{\"Suma\": \"1,84\", \"Dátum\": \"7.1.2026\", \"Názov\": \"Billa\", \"Kategória\": \"Potraviny\"}',5,NULL,'2026-02-01 22:07:13','2026-02-01 22:07:13'),(502,'{\"Suma\": \"600,00\", \"Dátum\": \"9.1.2026\", \"Názov\": \"Nájom\", \"Kategória\": \"Bývanie\"}',5,NULL,'2026-02-01 22:07:13','2026-02-01 22:07:13'),(503,'{\"Suma\": \"100,00\", \"Dátum\": \"9.1.2026\", \"Názov\": \"Lenka pôžička\", \"Kategória\": \"Dlhy\"}',5,NULL,'2026-02-01 22:07:13','2026-02-01 22:07:13'),(504,'{\"Suma\": \"74,07\", \"Dátum\": \"9.1.2026\", \"Názov\": \"365 splátka\", \"Kategória\": \"Dlhy\"}',5,NULL,'2026-02-01 22:07:13','2026-02-01 22:07:13'),(505,'{\"Suma\": \"32,80\", \"Dátum\": \"9.1.2026\", \"Názov\": \"Faktúra telefón\", \"Kategória\": \"Telefón\"}',5,NULL,'2026-02-01 22:07:13','2026-02-01 22:07:13'),(506,'{\"Suma\": \"20,85\", \"Dátum\": \"9.1.2026\", \"Názov\": \"Billa\", \"Kategória\": \"Potraviny\"}',5,NULL,'2026-02-01 22:07:13','2026-02-01 22:07:13'),(507,'{\"Suma\": \"5,67\", \"Dátum\": \"9.1.2026\", \"Názov\": \"Billa\", \"Kategória\": \"Potraviny\"}',5,NULL,'2026-02-01 22:07:13','2026-02-01 22:07:13'),(508,'{\"Suma\": \"136,56\", \"Dátum\": \"10.1.2026\", \"Názov\": \"Home Credit\", \"Kategória\": \"Dlhy\"}',5,NULL,'2026-02-01 22:07:13','2026-02-01 22:07:13'),(509,'{\"Suma\": \"2,05\", \"Dátum\": \"10.1.2026\", \"Názov\": \"Billa\", \"Kategória\": \"Potraviny\"}',5,NULL,'2026-02-01 22:07:13','2026-02-01 22:07:13'),(510,'{\"Suma\": \"20,00\", \"Dátum\": \"10.1.2026\", \"Názov\": \"365 Bank\", \"Kategória\": \"Výber z bankomatu\"}',5,NULL,'2026-02-01 22:07:13','2026-02-01 22:07:13'),(511,'{\"Suma\": \"10,84\", \"Dátum\": \"10.1.2026\", \"Názov\": \"\", \"Kategória\": \"Lekáreň\"}',5,'The title field is required.','2026-02-01 22:07:13','2026-02-01 22:07:13'),(512,'{\"Suma\": \"6,30\", \"Dátum\": \"10.1.2026\", \"Názov\": \"Lidl\", \"Kategória\": \"Potraviny\"}',5,NULL,'2026-02-01 22:07:13','2026-02-01 22:07:13'),(513,'{\"Suma\": \"7,99\", \"Dátum\": \"11.1.2026\", \"Názov\": \"Voyo\", \"Kategória\": \"Online\"}',5,NULL,'2026-02-01 22:07:13','2026-02-01 22:07:13'),(514,'{\"Suma\": \"4,94\", \"Dátum\": \"11.1.2026\", \"Názov\": \"Tesco\", \"Kategória\": \"Potraviny\"}',5,NULL,'2026-02-01 22:07:13','2026-02-01 22:07:13'),(515,'{\"Suma\": \"2,04\", \"Dátum\": \"11.1.2026\", \"Názov\": \"Slovnaft\", \"Kategória\": \"Potraviny\"}',5,NULL,'2026-02-01 22:07:13','2026-02-01 22:07:13'),(516,'{\"Suma\": \"100,00\", \"Dátum\": \"11.1.2026\", \"Názov\": \"Sanatorium účet\", \"Kategória\": \"Dlhy\"}',5,NULL,'2026-02-01 22:07:13','2026-02-01 22:07:13'),(517,'{\"Suma\": \"6,13\", \"Dátum\": \"11.1.2026\", \"Názov\": \"Billa\", \"Kategória\": \"Potraviny\"}',5,NULL,'2026-02-01 22:07:13','2026-02-01 22:07:13'),(518,'{\"Suma\": \"2,90\", \"Dátum\": \"11.1.2026\", \"Názov\": \"Pet Center\", \"Kategória\": \"Mimi\"}',5,NULL,'2026-02-01 22:07:13','2026-02-01 22:07:13'),(519,'{\"Suma\": \"4,00\", \"Dátum\": \"12.1.2026\", \"Názov\": \"Hero Hero\", \"Kategória\": \"Online\"}',5,NULL,'2026-02-01 22:07:13','2026-02-01 22:07:13'),(520,'{\"Suma\": \"46,09\", \"Dátum\": \"12.1.2026\", \"Názov\": \"Billa\", \"Kategória\": \"Potraviny\"}',5,NULL,'2026-02-01 22:07:13','2026-02-01 22:07:13'),(521,'{\"Suma\": \"1,10\", \"Dátum\": \"12.1.2026\", \"Názov\": \"Automat na sladké\", \"Kategória\": \"Pochutiny\"}',5,NULL,'2026-02-01 22:07:13','2026-02-01 22:07:13'),(522,'{\"Suma\": \"30,00\", \"Dátum\": \"12.1.2026\", \"Názov\": \"Prevod na Revolut\", \"Kategória\": \"Prevod na iný účet\"}',5,NULL,'2026-02-01 22:07:13','2026-02-01 22:07:13'),(523,'{\"Suma\": \"5,99\", \"Dátum\": \"12.1.2026\", \"Názov\": \"Badoo\", \"Kategória\": \"Online\"}',5,NULL,'2026-02-01 22:07:13','2026-02-01 22:07:13'),(524,'{\"Suma\": \"11,99\", \"Dátum\": \"12.1.2026\", \"Názov\": \"Voyo\", \"Kategória\": \"Online\"}',5,NULL,'2026-02-01 22:07:13','2026-02-01 22:07:13'),(525,'{\"Suma\": \"8,80\", \"Dátum\": \"12.1.2026\", \"Názov\": \"Veterina odčervenie\", \"Kategória\": \"Mimi\"}',5,NULL,'2026-02-01 22:07:13','2026-02-01 22:07:13'),(526,'{\"Suma\": \"5,49\", \"Dátum\": \"12.1.2026\", \"Názov\": \"Obi\", \"Kategória\": \"Ostatné\"}',5,NULL,'2026-02-01 22:07:13','2026-02-01 22:07:13'),(527,'{\"Suma\": \"1,59\", \"Dátum\": \"12.1.2026\", \"Názov\": \"Pet Center\", \"Kategória\": \"Mimi\"}',5,NULL,'2026-02-01 22:07:13','2026-02-01 22:07:13'),(528,'{\"Suma\": \"0,98\", \"Dátum\": \"12.1.2026\", \"Názov\": \"Lidl\", \"Kategória\": \"Potraviny\"}',5,NULL,'2026-02-01 22:07:13','2026-02-01 22:07:13'),(529,'{\"Suma\": \"19,90\", \"Dátum\": \"12.1.2026\", \"Názov\": \"Firmáreň\", \"Kategória\": \"Ostatné\"}',5,NULL,'2026-02-01 22:07:13','2026-02-01 22:07:13'),(530,'{\"Suma\": \"78,53\", \"Dátum\": \"13.1.2026\", \"Názov\": \"Predoperačné vyšetrenie\", \"Kategória\": \"Mimi\"}',5,NULL,'2026-02-01 22:07:13','2026-02-01 22:07:13'),(531,'{\"Suma\": \"5,38\", \"Dátum\": \"13.1.2026\", \"Názov\": \"Billa\", \"Kategória\": \"Potraviny\"}',5,NULL,'2026-02-01 22:07:13','2026-02-01 22:07:13'),(532,'{\"Suma\": \"15,76\", \"Dátum\": \"13.1.2026\", \"Názov\": \"Billa\", \"Kategória\": \"Potraviny\"}',5,NULL,'2026-02-01 22:07:13','2026-02-01 22:07:13'),(533,'{\"Suma\": \"2,99\", \"Dátum\": \"13.1.2026\", \"Názov\": \"Kraj\", \"Kategória\": \"Potraviny\"}',5,NULL,'2026-02-01 22:07:13','2026-02-01 22:07:13'),(534,'{\"Suma\": \"2,73\", \"Dátum\": \"13.1.2026\", \"Názov\": \"Kraj\", \"Kategória\": \"Potraviny\"}',5,NULL,'2026-02-01 22:07:13','2026-02-01 22:07:13'),(535,'{\"Suma\": \"9,00\", \"Dátum\": \"14.1.2026\", \"Názov\": \"Káva Martinus\", \"Kategória\": \"Pochutiny\"}',5,NULL,'2026-02-01 22:07:13','2026-02-01 22:07:13'),(536,'{\"Suma\": \"10,59\", \"Dátum\": \"14.1.2026\", \"Názov\": \"Dr. Max\", \"Kategória\": \"Lekáreň\"}',5,NULL,'2026-02-01 22:07:13','2026-02-01 22:07:13'),(537,'{\"Suma\": \"2,11\", \"Dátum\": \"14.1.2026\", \"Názov\": \"Billa\", \"Kategória\": \"Potraviny\"}',5,NULL,'2026-02-01 22:07:13','2026-02-01 22:07:13'),(538,'{\"Suma\": \"3,79\", \"Dátum\": \"14.1.2026\", \"Názov\": \"Tesco\", \"Kategória\": \"Potraviny\"}',5,NULL,'2026-02-01 22:07:13','2026-02-01 22:07:13'),(539,'{\"Suma\": \"1,99\", \"Dátum\": \"15.1.2026\", \"Názov\": \"Kraj\", \"Kategória\": \"Potraviny\"}',5,NULL,'2026-02-01 22:07:13','2026-02-01 22:07:13'),(540,'{\"Suma\": \"2,50\", \"Dátum\": \"15.1.2026\", \"Názov\": \"Bunda\", \"Kategória\": \"Oblečenie\"}',5,NULL,'2026-02-01 22:07:13','2026-02-01 22:07:13'),(541,'{\"Suma\": \"1,10\", \"Dátum\": \"15.1.2026\", \"Názov\": \"Automat na sladké\", \"Kategória\": \"Pochutiny\"}',5,NULL,'2026-02-01 22:07:13','2026-02-01 22:07:13'),(542,'{\"Suma\": \"5,40\", \"Dátum\": \"16.1.2026\", \"Názov\": \"Veterina\", \"Kategória\": \"Mimi\"}',5,NULL,'2026-02-01 22:07:13','2026-02-01 22:07:13'),(543,'{\"Suma\": \"5,09\", \"Dátum\": \"16.1.2026\", \"Názov\": \"Lidl\", \"Kategória\": \"Potraviny\"}',5,NULL,'2026-02-01 22:07:13','2026-02-01 22:07:13'),(544,'{\"Suma\": \"2,50\", \"Dátum\": \"16.1.2026\", \"Názov\": \"Planétka\", \"Kategória\": \"Pochutiny\"}',5,NULL,'2026-02-01 22:07:13','2026-02-01 22:07:13'),(545,'{\"Suma\": \"4,26\", \"Dátum\": \"17.1.2026\", \"Názov\": \"Tesco\", \"Kategória\": \"Potraviny\"}',5,NULL,'2026-02-01 22:07:13','2026-02-01 22:07:13'),(546,'{\"Suma\": \"33,07\", \"Dátum\": \"17.1.2026\", \"Názov\": \"Billa\", \"Kategória\": \"Potraviny\"}',5,NULL,'2026-02-01 22:07:13','2026-02-01 22:07:13'),(547,'{\"Suma\": \"2,79\", \"Dátum\": \"17.1.2026\", \"Názov\": \"Tesco\", \"Kategória\": \"Potraviny\"}',5,NULL,'2026-02-01 22:07:13','2026-02-01 22:07:13'),(548,'{\"Suma\": \"2,99\", \"Dátum\": \"18.1.2026\", \"Názov\": \"Apple iCloud\", \"Kategória\": \"Online\"}',5,NULL,'2026-02-01 22:07:13','2026-02-01 22:07:13'),(549,'{\"Suma\": \"2,69\", \"Dátum\": \"18.1.2026\", \"Názov\": \"Potraviny Julka\", \"Kategória\": \"Potraviny\"}',5,NULL,'2026-02-01 22:07:13','2026-02-01 22:07:13'),(550,'{\"Suma\": \"1,00\", \"Dátum\": \"18.1.2026\", \"Názov\": \"Automat na sladké\", \"Kategória\": \"Pochutiny\"}',5,NULL,'2026-02-01 22:07:13','2026-02-01 22:07:13'),(551,'{\"Suma\": \"5,76\", \"Dátum\": \"18.1.2026\", \"Názov\": \"Tesco\", \"Kategória\": \"Potraviny\"}',5,NULL,'2026-02-01 22:07:13','2026-02-01 22:07:13'),(552,'{\"Suma\": \"5,99\", \"Dátum\": \"19.1.2026\", \"Názov\": \"Apple\", \"Kategória\": \"Online\"}',5,NULL,'2026-02-01 22:07:13','2026-02-01 22:07:13'),(553,'{\"Suma\": \"410,00\", \"Dátum\": \"19.1.2026\", \"Názov\": \"Operácia\", \"Kategória\": \"Mimi\"}',5,NULL,'2026-02-01 22:07:13','2026-02-01 22:07:13'),(554,'{\"Suma\": \"1,78\", \"Dátum\": \"19.1.2026\", \"Názov\": \"OBI\", \"Kategória\": \"Ostatné\"}',5,NULL,'2026-02-01 22:07:13','2026-02-01 22:07:13'),(555,'{\"Suma\": \"1,18\", \"Dátum\": \"19.1.2026\", \"Názov\": \"Tesco\", \"Kategória\": \"Potraviny\"}',5,NULL,'2026-02-01 22:07:13','2026-02-01 22:07:13'),(556,'{\"Suma\": \"5,17\", \"Dátum\": \"19.1.2026\", \"Názov\": \"Pet Center\", \"Kategória\": \"Mimi\"}',5,NULL,'2026-02-01 22:07:13','2026-02-01 22:07:13'),(557,'{\"Suma\": \"4,99\", \"Dátum\": \"20.1.2026\", \"Názov\": \"Billa\", \"Kategória\": \"Potraviny\"}',5,NULL,'2026-02-01 22:07:13','2026-02-01 22:07:13'),(558,'{\"Suma\": \"0,90\", \"Dátum\": \"20.1.2026\", \"Názov\": \"Automat na sladké\", \"Kategória\": \"Pochutiny\"}',5,NULL,'2026-02-01 22:07:13','2026-02-01 22:07:13'),(559,'{\"Suma\": \"20,99\", \"Dátum\": \"20.1.2026\", \"Názov\": \"YouTube Premium\", \"Kategória\": \"Online\"}',5,NULL,'2026-02-01 22:07:13','2026-02-01 22:07:13'),(560,'{\"Suma\": \"38,20\", \"Dátum\": \"20.1.2026\", \"Názov\": \"Billa\", \"Kategória\": \"Potraviny\"}',5,NULL,'2026-02-01 22:07:13','2026-02-01 22:07:13'),(561,'{\"Suma\": \"2,53\", \"Dátum\": \"21.1.2026\", \"Názov\": \"Kraj\", \"Kategória\": \"Potraviny\"}',5,NULL,'2026-02-01 22:07:13','2026-02-01 22:07:13'),(562,'{\"Suma\": \"1,10\", \"Dátum\": \"21.1.2026\", \"Názov\": \"Automat na sladké\", \"Kategória\": \"Pochutiny\"}',5,NULL,'2026-02-01 22:07:13','2026-02-01 22:07:13'),(563,'{\"Suma\": \"8,85\", \"Dátum\": \"22.1.2026\", \"Názov\": \"Billa\", \"Kategória\": \"Potraviny\"}',5,NULL,'2026-02-01 22:07:13','2026-02-01 22:07:13'),(564,'{\"Suma\": \"5,24\", \"Dátum\": \"22.1.2026\", \"Názov\": \"Veterinka\", \"Kategória\": \"Mimi\"}',5,NULL,'2026-02-01 22:07:13','2026-02-01 22:07:13'),(565,'{\"Suma\": \"2,84\", \"Dátum\": \"22.1.2026\", \"Názov\": \"Malina\", \"Kategória\": \"Potraviny\"}',5,NULL,'2026-02-01 22:07:13','2026-02-01 22:07:13'),(566,'{\"Suma\": \"3,17\", \"Dátum\": \"23.1.2026\", \"Názov\": \"Billa\", \"Kategória\": \"Potraviny\"}',5,NULL,'2026-02-01 22:07:13','2026-02-01 22:07:13'),(567,'{\"Suma\": \"3,98\", \"Dátum\": \"23.1.2026\", \"Názov\": \"Pet Center\", \"Kategória\": \"Mimi\"}',5,NULL,'2026-02-01 22:07:13','2026-02-01 22:07:13'),(568,'{\"Suma\": \"33,63\", \"Dátum\": \"23.1.2026\", \"Názov\": \"Billa\", \"Kategória\": \"Potraviny\"}',5,NULL,'2026-02-01 22:07:13','2026-02-01 22:07:13'),(569,'{\"Suma\": \"9,90\", \"Dátum\": \"23.1.2026\", \"Názov\": \"Starbucks\", \"Kategória\": \"Pochutiny\"}',5,NULL,'2026-02-01 22:07:13','2026-02-01 22:07:13'),(570,'{\"Suma\": \"20,99\", \"Dátum\": \"24.1.2026\", \"Názov\": \"YouTube Premium\", \"Kategória\": \"Online\"}',5,NULL,'2026-02-01 22:07:13','2026-02-01 22:07:13'),(571,'{\"Suma\": \"3,35\", \"Dátum\": \"24.1.2026\", \"Názov\": \"Tesco\", \"Kategória\": \"Potraviny\"}',5,NULL,'2026-02-01 22:07:13','2026-02-01 22:07:13'),(572,'{\"Suma\": \"11,63\", \"Dátum\": \"24.1.2026\", \"Názov\": \"Alza - rybičky\", \"Kategória\": \"Ostatné\"}',5,NULL,'2026-02-01 22:07:13','2026-02-01 22:07:13'),(573,'{\"Suma\": \"3,35\", \"Dátum\": \"25.1.2026\", \"Názov\": \"Lidl\", \"Kategória\": \"Potraviny\"}',5,NULL,'2026-02-01 22:07:13','2026-02-01 22:07:13'),(574,'{\"Suma\": \"5,97\", \"Dátum\": \"25.1.2026\", \"Názov\": \"Pet Center\", \"Kategória\": \"Mimi\"}',5,NULL,'2026-02-01 22:07:13','2026-02-01 22:07:13'),(575,'{\"Suma\": \"3,49\", \"Dátum\": \"25.1.2026\", \"Názov\": \"Môj obchod\", \"Kategória\": \"Potraviny\"}',5,NULL,'2026-02-01 22:07:13','2026-02-01 22:07:13'),(576,'{\"Suma\": \"5,41\", \"Dátum\": \"25.1.2026\", \"Názov\": \"Billa\", \"Kategória\": \"Potraviny\"}',5,NULL,'2026-02-01 22:07:13','2026-02-01 22:07:13'),(577,'{\"Suma\": \"1,10\", \"Dátum\": \"25.1.2026\", \"Názov\": \"Automat na sladké\", \"Kategória\": \"Pochutiny\"}',5,NULL,'2026-02-01 22:07:13','2026-02-01 22:07:13'),(578,'{\"Suma\": \"3,48\", \"Dátum\": \"26.1.2026\", \"Názov\": \"Kraj\", \"Kategória\": \"Potraviny\"}',5,NULL,'2026-02-01 22:07:13','2026-02-01 22:07:13'),(579,'{\"Suma\": \"1,00\", \"Dátum\": \"26.1.2026\", \"Názov\": \"Automat na sladké\", \"Kategória\": \"Pochutiny\"}',5,NULL,'2026-02-01 22:07:13','2026-02-01 22:07:13'),(580,'{\"Suma\": \"1,44\", \"Dátum\": \"26.1.2026\", \"Názov\": \"Lidl raňajky\", \"Kategória\": \"Potraviny\"}',5,NULL,'2026-02-01 22:07:13','2026-02-01 22:07:13'),(581,'{\"Suma\": \"2,69\", \"Dátum\": \"26.1.2026\", \"Názov\": \"OBI - Tmel\", \"Kategória\": \"Ostatné\"}',5,NULL,'2026-02-01 22:07:13','2026-02-01 22:07:13'),(582,'{\"Suma\": \"10,84\", \"Dátum\": \"10.1.2026\", \"Názov\": \"\", \"Kategória\": \"Lekáreň\"}',6,'The title field is required.','2026-02-01 22:08:06','2026-02-01 22:08:06'),(583,'{\"Suma\": \"7,49\", \"Dátum\": \"1.1.2026\", \"Názov\": \"Apple\", \"Kategória\": \"Online\"}',7,NULL,'2026-02-01 22:13:49','2026-02-01 22:13:49'),(584,'{\"Suma\": \"3,24\", \"Dátum\": \"2.1.2026\", \"Názov\": \"Kraj\", \"Kategória\": \"Potraviny\"}',7,NULL,'2026-02-01 22:13:49','2026-02-01 22:13:49'),(585,'{\"Suma\": \"1,84\", \"Dátum\": \"7.1.2026\", \"Názov\": \"Billa\", \"Kategória\": \"Potraviny\"}',7,NULL,'2026-02-01 22:13:49','2026-02-01 22:13:49'),(586,'{\"Suma\": \"600,00\", \"Dátum\": \"9.1.2026\", \"Názov\": \"Nájom\", \"Kategória\": \"Bývanie\"}',7,NULL,'2026-02-01 22:13:49','2026-02-01 22:13:49'),(587,'{\"Suma\": \"100,00\", \"Dátum\": \"9.1.2026\", \"Názov\": \"Lenka pôžička\", \"Kategória\": \"Dlhy\"}',7,NULL,'2026-02-01 22:13:49','2026-02-01 22:13:49'),(588,'{\"Suma\": \"74,07\", \"Dátum\": \"9.1.2026\", \"Názov\": \"365 splátka\", \"Kategória\": \"Dlhy\"}',7,NULL,'2026-02-01 22:13:49','2026-02-01 22:13:49'),(589,'{\"Suma\": \"32,80\", \"Dátum\": \"9.1.2026\", \"Názov\": \"Faktúra telefón\", \"Kategória\": \"Telefón\"}',7,NULL,'2026-02-01 22:13:49','2026-02-01 22:13:49'),(590,'{\"Suma\": \"20,85\", \"Dátum\": \"9.1.2026\", \"Názov\": \"Billa\", \"Kategória\": \"Potraviny\"}',7,NULL,'2026-02-01 22:13:49','2026-02-01 22:13:49'),(591,'{\"Suma\": \"5,67\", \"Dátum\": \"9.1.2026\", \"Názov\": \"Billa\", \"Kategória\": \"Potraviny\"}',7,NULL,'2026-02-01 22:13:49','2026-02-01 22:13:49'),(592,'{\"Suma\": \"136,56\", \"Dátum\": \"10.1.2026\", \"Názov\": \"Home Credit\", \"Kategória\": \"Dlhy\"}',7,NULL,'2026-02-01 22:13:49','2026-02-01 22:13:49'),(593,'{\"Suma\": \"2,05\", \"Dátum\": \"10.1.2026\", \"Názov\": \"Billa\", \"Kategória\": \"Potraviny\"}',7,NULL,'2026-02-01 22:13:49','2026-02-01 22:13:49'),(594,'{\"Suma\": \"20,00\", \"Dátum\": \"10.1.2026\", \"Názov\": \"365 Bank\", \"Kategória\": \"Výber z bankomatu\"}',7,NULL,'2026-02-01 22:13:49','2026-02-01 22:13:49'),(595,'{\"Suma\": \"10,84\", \"Dátum\": \"10.1.2026\", \"Názov\": \"\", \"Kategória\": \"Lekáreň\"}',7,NULL,'2026-02-01 22:13:49','2026-02-01 22:13:49'),(596,'{\"Suma\": \"6,30\", \"Dátum\": \"10.1.2026\", \"Názov\": \"Lidl\", \"Kategória\": \"Potraviny\"}',7,NULL,'2026-02-01 22:13:49','2026-02-01 22:13:49'),(597,'{\"Suma\": \"7,99\", \"Dátum\": \"11.1.2026\", \"Názov\": \"Voyo\", \"Kategória\": \"Online\"}',7,NULL,'2026-02-01 22:13:49','2026-02-01 22:13:49'),(598,'{\"Suma\": \"4,94\", \"Dátum\": \"11.1.2026\", \"Názov\": \"Tesco\", \"Kategória\": \"Potraviny\"}',7,NULL,'2026-02-01 22:13:49','2026-02-01 22:13:49'),(599,'{\"Suma\": \"2,04\", \"Dátum\": \"11.1.2026\", \"Názov\": \"Slovnaft\", \"Kategória\": \"Potraviny\"}',7,NULL,'2026-02-01 22:13:49','2026-02-01 22:13:49'),(600,'{\"Suma\": \"100,00\", \"Dátum\": \"11.1.2026\", \"Názov\": \"Sanatorium účet\", \"Kategória\": \"Dlhy\"}',7,NULL,'2026-02-01 22:13:49','2026-02-01 22:13:49'),(601,'{\"Suma\": \"6,13\", \"Dátum\": \"11.1.2026\", \"Názov\": \"Billa\", \"Kategória\": \"Potraviny\"}',7,NULL,'2026-02-01 22:13:49','2026-02-01 22:13:49'),(602,'{\"Suma\": \"2,90\", \"Dátum\": \"11.1.2026\", \"Názov\": \"Pet Center\", \"Kategória\": \"Mimi\"}',7,NULL,'2026-02-01 22:13:49','2026-02-01 22:13:49'),(603,'{\"Suma\": \"4,00\", \"Dátum\": \"12.1.2026\", \"Názov\": \"Hero Hero\", \"Kategória\": \"Online\"}',7,NULL,'2026-02-01 22:13:49','2026-02-01 22:13:49'),(604,'{\"Suma\": \"46,09\", \"Dátum\": \"12.1.2026\", \"Názov\": \"Billa\", \"Kategória\": \"Potraviny\"}',7,NULL,'2026-02-01 22:13:49','2026-02-01 22:13:49'),(605,'{\"Suma\": \"1,10\", \"Dátum\": \"12.1.2026\", \"Názov\": \"Automat na sladké\", \"Kategória\": \"Pochutiny\"}',7,NULL,'2026-02-01 22:13:49','2026-02-01 22:13:49'),(606,'{\"Suma\": \"30,00\", \"Dátum\": \"12.1.2026\", \"Názov\": \"Prevod na Revolut\", \"Kategória\": \"Prevod na iný účet\"}',7,NULL,'2026-02-01 22:13:49','2026-02-01 22:13:49'),(607,'{\"Suma\": \"5,99\", \"Dátum\": \"12.1.2026\", \"Názov\": \"Badoo\", \"Kategória\": \"Online\"}',7,NULL,'2026-02-01 22:13:49','2026-02-01 22:13:49'),(608,'{\"Suma\": \"11,99\", \"Dátum\": \"12.1.2026\", \"Názov\": \"Voyo\", \"Kategória\": \"Online\"}',7,NULL,'2026-02-01 22:13:49','2026-02-01 22:13:49'),(609,'{\"Suma\": \"8,80\", \"Dátum\": \"12.1.2026\", \"Názov\": \"Veterina odčervenie\", \"Kategória\": \"Mimi\"}',7,NULL,'2026-02-01 22:13:49','2026-02-01 22:13:49'),(610,'{\"Suma\": \"5,49\", \"Dátum\": \"12.1.2026\", \"Názov\": \"Obi\", \"Kategória\": \"Ostatné\"}',7,NULL,'2026-02-01 22:13:49','2026-02-01 22:13:49'),(611,'{\"Suma\": \"1,59\", \"Dátum\": \"12.1.2026\", \"Názov\": \"Pet Center\", \"Kategória\": \"Mimi\"}',7,NULL,'2026-02-01 22:13:49','2026-02-01 22:13:49'),(612,'{\"Suma\": \"0,98\", \"Dátum\": \"12.1.2026\", \"Názov\": \"Lidl\", \"Kategória\": \"Potraviny\"}',7,NULL,'2026-02-01 22:13:49','2026-02-01 22:13:49'),(613,'{\"Suma\": \"19,90\", \"Dátum\": \"12.1.2026\", \"Názov\": \"Firmáreň\", \"Kategória\": \"Ostatné\"}',7,NULL,'2026-02-01 22:13:49','2026-02-01 22:13:49'),(614,'{\"Suma\": \"78,53\", \"Dátum\": \"13.1.2026\", \"Názov\": \"Predoperačné vyšetrenie\", \"Kategória\": \"Mimi\"}',7,NULL,'2026-02-01 22:13:49','2026-02-01 22:13:49'),(615,'{\"Suma\": \"5,38\", \"Dátum\": \"13.1.2026\", \"Názov\": \"Billa\", \"Kategória\": \"Potraviny\"}',7,NULL,'2026-02-01 22:13:49','2026-02-01 22:13:49'),(616,'{\"Suma\": \"15,76\", \"Dátum\": \"13.1.2026\", \"Názov\": \"Billa\", \"Kategória\": \"Potraviny\"}',7,NULL,'2026-02-01 22:13:49','2026-02-01 22:13:49'),(617,'{\"Suma\": \"2,99\", \"Dátum\": \"13.1.2026\", \"Názov\": \"Kraj\", \"Kategória\": \"Potraviny\"}',7,NULL,'2026-02-01 22:13:49','2026-02-01 22:13:49'),(618,'{\"Suma\": \"2,73\", \"Dátum\": \"13.1.2026\", \"Názov\": \"Kraj\", \"Kategória\": \"Potraviny\"}',7,NULL,'2026-02-01 22:13:49','2026-02-01 22:13:49'),(619,'{\"Suma\": \"9,00\", \"Dátum\": \"14.1.2026\", \"Názov\": \"Káva Martinus\", \"Kategória\": \"Pochutiny\"}',7,NULL,'2026-02-01 22:13:49','2026-02-01 22:13:49'),(620,'{\"Suma\": \"10,59\", \"Dátum\": \"14.1.2026\", \"Názov\": \"Dr. Max\", \"Kategória\": \"Lekáreň\"}',7,NULL,'2026-02-01 22:13:49','2026-02-01 22:13:49'),(621,'{\"Suma\": \"2,11\", \"Dátum\": \"14.1.2026\", \"Názov\": \"Billa\", \"Kategória\": \"Potraviny\"}',7,NULL,'2026-02-01 22:13:49','2026-02-01 22:13:49'),(622,'{\"Suma\": \"3,79\", \"Dátum\": \"14.1.2026\", \"Názov\": \"Tesco\", \"Kategória\": \"Potraviny\"}',7,NULL,'2026-02-01 22:13:49','2026-02-01 22:13:49'),(623,'{\"Suma\": \"1,99\", \"Dátum\": \"15.1.2026\", \"Názov\": \"Kraj\", \"Kategória\": \"Potraviny\"}',7,NULL,'2026-02-01 22:13:49','2026-02-01 22:13:49'),(624,'{\"Suma\": \"2,50\", \"Dátum\": \"15.1.2026\", \"Názov\": \"Bunda\", \"Kategória\": \"Oblečenie\"}',7,NULL,'2026-02-01 22:13:49','2026-02-01 22:13:49'),(625,'{\"Suma\": \"1,10\", \"Dátum\": \"15.1.2026\", \"Názov\": \"Automat na sladké\", \"Kategória\": \"Pochutiny\"}',7,NULL,'2026-02-01 22:13:49','2026-02-01 22:13:49'),(626,'{\"Suma\": \"5,40\", \"Dátum\": \"16.1.2026\", \"Názov\": \"Veterina\", \"Kategória\": \"Mimi\"}',7,NULL,'2026-02-01 22:13:49','2026-02-01 22:13:49'),(627,'{\"Suma\": \"5,09\", \"Dátum\": \"16.1.2026\", \"Názov\": \"Lidl\", \"Kategória\": \"Potraviny\"}',7,NULL,'2026-02-01 22:13:49','2026-02-01 22:13:49'),(628,'{\"Suma\": \"2,50\", \"Dátum\": \"16.1.2026\", \"Názov\": \"Planétka\", \"Kategória\": \"Pochutiny\"}',7,NULL,'2026-02-01 22:13:49','2026-02-01 22:13:49'),(629,'{\"Suma\": \"4,26\", \"Dátum\": \"17.1.2026\", \"Názov\": \"Tesco\", \"Kategória\": \"Potraviny\"}',7,NULL,'2026-02-01 22:13:49','2026-02-01 22:13:49'),(630,'{\"Suma\": \"33,07\", \"Dátum\": \"17.1.2026\", \"Názov\": \"Billa\", \"Kategória\": \"Potraviny\"}',7,NULL,'2026-02-01 22:13:49','2026-02-01 22:13:49'),(631,'{\"Suma\": \"2,79\", \"Dátum\": \"17.1.2026\", \"Názov\": \"Tesco\", \"Kategória\": \"Potraviny\"}',7,NULL,'2026-02-01 22:13:49','2026-02-01 22:13:49'),(632,'{\"Suma\": \"2,99\", \"Dátum\": \"18.1.2026\", \"Názov\": \"Apple iCloud\", \"Kategória\": \"Online\"}',7,NULL,'2026-02-01 22:13:49','2026-02-01 22:13:49'),(633,'{\"Suma\": \"2,69\", \"Dátum\": \"18.1.2026\", \"Názov\": \"Potraviny Julka\", \"Kategória\": \"Potraviny\"}',7,NULL,'2026-02-01 22:13:49','2026-02-01 22:13:49'),(634,'{\"Suma\": \"1,00\", \"Dátum\": \"18.1.2026\", \"Názov\": \"Automat na sladké\", \"Kategória\": \"Pochutiny\"}',7,NULL,'2026-02-01 22:13:49','2026-02-01 22:13:49'),(635,'{\"Suma\": \"5,76\", \"Dátum\": \"18.1.2026\", \"Názov\": \"Tesco\", \"Kategória\": \"Potraviny\"}',7,NULL,'2026-02-01 22:13:49','2026-02-01 22:13:49'),(636,'{\"Suma\": \"5,99\", \"Dátum\": \"19.1.2026\", \"Názov\": \"Apple\", \"Kategória\": \"Online\"}',7,NULL,'2026-02-01 22:13:49','2026-02-01 22:13:49'),(637,'{\"Suma\": \"410,00\", \"Dátum\": \"19.1.2026\", \"Názov\": \"Operácia\", \"Kategória\": \"Mimi\"}',7,NULL,'2026-02-01 22:13:49','2026-02-01 22:13:49'),(638,'{\"Suma\": \"1,78\", \"Dátum\": \"19.1.2026\", \"Názov\": \"OBI\", \"Kategória\": \"Ostatné\"}',7,NULL,'2026-02-01 22:13:49','2026-02-01 22:13:49'),(639,'{\"Suma\": \"1,18\", \"Dátum\": \"19.1.2026\", \"Názov\": \"Tesco\", \"Kategória\": \"Potraviny\"}',7,NULL,'2026-02-01 22:13:49','2026-02-01 22:13:49'),(640,'{\"Suma\": \"5,17\", \"Dátum\": \"19.1.2026\", \"Názov\": \"Pet Center\", \"Kategória\": \"Mimi\"}',7,NULL,'2026-02-01 22:13:49','2026-02-01 22:13:49'),(641,'{\"Suma\": \"4,99\", \"Dátum\": \"20.1.2026\", \"Názov\": \"Billa\", \"Kategória\": \"Potraviny\"}',7,NULL,'2026-02-01 22:13:49','2026-02-01 22:13:49'),(642,'{\"Suma\": \"0,90\", \"Dátum\": \"20.1.2026\", \"Názov\": \"Automat na sladké\", \"Kategória\": \"Pochutiny\"}',7,NULL,'2026-02-01 22:13:49','2026-02-01 22:13:49'),(643,'{\"Suma\": \"20,99\", \"Dátum\": \"20.1.2026\", \"Názov\": \"YouTube Premium\", \"Kategória\": \"Online\"}',7,NULL,'2026-02-01 22:13:49','2026-02-01 22:13:49'),(644,'{\"Suma\": \"38,20\", \"Dátum\": \"20.1.2026\", \"Názov\": \"Billa\", \"Kategória\": \"Potraviny\"}',7,NULL,'2026-02-01 22:13:49','2026-02-01 22:13:49'),(645,'{\"Suma\": \"2,53\", \"Dátum\": \"21.1.2026\", \"Názov\": \"Kraj\", \"Kategória\": \"Potraviny\"}',7,NULL,'2026-02-01 22:13:49','2026-02-01 22:13:49'),(646,'{\"Suma\": \"1,10\", \"Dátum\": \"21.1.2026\", \"Názov\": \"Automat na sladké\", \"Kategória\": \"Pochutiny\"}',7,NULL,'2026-02-01 22:13:49','2026-02-01 22:13:49'),(647,'{\"Suma\": \"8,85\", \"Dátum\": \"22.1.2026\", \"Názov\": \"Billa\", \"Kategória\": \"Potraviny\"}',7,NULL,'2026-02-01 22:13:49','2026-02-01 22:13:49'),(648,'{\"Suma\": \"5,24\", \"Dátum\": \"22.1.2026\", \"Názov\": \"Veterinka\", \"Kategória\": \"Mimi\"}',7,NULL,'2026-02-01 22:13:49','2026-02-01 22:13:49'),(649,'{\"Suma\": \"2,84\", \"Dátum\": \"22.1.2026\", \"Názov\": \"Malina\", \"Kategória\": \"Potraviny\"}',7,NULL,'2026-02-01 22:13:49','2026-02-01 22:13:49'),(650,'{\"Suma\": \"3,17\", \"Dátum\": \"23.1.2026\", \"Názov\": \"Billa\", \"Kategória\": \"Potraviny\"}',7,NULL,'2026-02-01 22:13:49','2026-02-01 22:13:49'),(651,'{\"Suma\": \"3,98\", \"Dátum\": \"23.1.2026\", \"Názov\": \"Pet Center\", \"Kategória\": \"Mimi\"}',7,NULL,'2026-02-01 22:13:49','2026-02-01 22:13:49'),(652,'{\"Suma\": \"33,63\", \"Dátum\": \"23.1.2026\", \"Názov\": \"Billa\", \"Kategória\": \"Potraviny\"}',7,NULL,'2026-02-01 22:13:49','2026-02-01 22:13:49'),(653,'{\"Suma\": \"9,90\", \"Dátum\": \"23.1.2026\", \"Názov\": \"Starbucks\", \"Kategória\": \"Pochutiny\"}',7,NULL,'2026-02-01 22:13:49','2026-02-01 22:13:49'),(654,'{\"Suma\": \"20,99\", \"Dátum\": \"24.1.2026\", \"Názov\": \"YouTube Premium\", \"Kategória\": \"Online\"}',7,NULL,'2026-02-01 22:13:49','2026-02-01 22:13:49'),(655,'{\"Suma\": \"3,35\", \"Dátum\": \"24.1.2026\", \"Názov\": \"Tesco\", \"Kategória\": \"Potraviny\"}',7,NULL,'2026-02-01 22:13:49','2026-02-01 22:13:49'),(656,'{\"Suma\": \"11,63\", \"Dátum\": \"24.1.2026\", \"Názov\": \"Alza - rybičky\", \"Kategória\": \"Ostatné\"}',7,NULL,'2026-02-01 22:13:49','2026-02-01 22:13:49'),(657,'{\"Suma\": \"3,35\", \"Dátum\": \"25.1.2026\", \"Názov\": \"Lidl\", \"Kategória\": \"Potraviny\"}',7,NULL,'2026-02-01 22:13:49','2026-02-01 22:13:49'),(658,'{\"Suma\": \"5,97\", \"Dátum\": \"25.1.2026\", \"Názov\": \"Pet Center\", \"Kategória\": \"Mimi\"}',7,NULL,'2026-02-01 22:13:49','2026-02-01 22:13:49'),(659,'{\"Suma\": \"3,49\", \"Dátum\": \"25.1.2026\", \"Názov\": \"Môj obchod\", \"Kategória\": \"Potraviny\"}',7,NULL,'2026-02-01 22:13:49','2026-02-01 22:13:49'),(660,'{\"Suma\": \"5,41\", \"Dátum\": \"25.1.2026\", \"Názov\": \"Billa\", \"Kategória\": \"Potraviny\"}',7,NULL,'2026-02-01 22:13:49','2026-02-01 22:13:49'),(661,'{\"Suma\": \"1,10\", \"Dátum\": \"25.1.2026\", \"Názov\": \"Automat na sladké\", \"Kategória\": \"Pochutiny\"}',7,NULL,'2026-02-01 22:13:49','2026-02-01 22:13:49'),(662,'{\"Suma\": \"3,48\", \"Dátum\": \"26.1.2026\", \"Názov\": \"Kraj\", \"Kategória\": \"Potraviny\"}',7,NULL,'2026-02-01 22:13:49','2026-02-01 22:13:49'),(663,'{\"Suma\": \"1,00\", \"Dátum\": \"26.1.2026\", \"Názov\": \"Automat na sladké\", \"Kategória\": \"Pochutiny\"}',7,NULL,'2026-02-01 22:13:49','2026-02-01 22:13:49'),(664,'{\"Suma\": \"1,44\", \"Dátum\": \"26.1.2026\", \"Názov\": \"Lidl raňajky\", \"Kategória\": \"Potraviny\"}',7,NULL,'2026-02-01 22:13:49','2026-02-01 22:13:49'),(665,'{\"Suma\": \"2,69\", \"Dátum\": \"26.1.2026\", \"Názov\": \"OBI - Tmel\", \"Kategória\": \"Ostatné\"}',7,NULL,'2026-02-01 22:13:49','2026-02-01 22:13:49'),(666,'{\"Suma\": \"10,84\", \"Dátum\": \"10.1.2026\", \"Názov\": \"\", \"Kategória\": \"Lekáreň\"}',8,'The title field is required.','2026-02-01 22:14:29','2026-02-01 22:14:29'),(667,'{\"Suma\": \"7.49\", \"Dátum\": \"1.1.2026\", \"Názov\": \"Apple\", \"Kategória\": \"Online\"}',1,'The amount field must be an integer.','2026-02-01 22:17:05','2026-02-01 22:17:05'),(668,'{\"Suma\": \"3.24\", \"Dátum\": \"2.1.2026\", \"Názov\": \"Kraj\", \"Kategória\": \"Potraviny\"}',1,'The amount field must be an integer.','2026-02-01 22:17:05','2026-02-01 22:17:05'),(669,'{\"Suma\": \"1.84\", \"Dátum\": \"7.1.2026\", \"Názov\": \"Billa\", \"Kategória\": \"Potraviny\"}',1,'The amount field must be an integer.','2026-02-01 22:17:05','2026-02-01 22:17:05'),(670,'{\"Suma\": \"74.07\", \"Dátum\": \"9.1.2026\", \"Názov\": \"365 splátka\", \"Kategória\": \"Dlhy\"}',1,'The amount field must be an integer.','2026-02-01 22:17:05','2026-02-01 22:17:05'),(671,'{\"Suma\": \"32.80\", \"Dátum\": \"9.1.2026\", \"Názov\": \"Faktúra telefón\", \"Kategória\": \"Telefón\"}',1,'The amount field must be an integer.','2026-02-01 22:17:05','2026-02-01 22:17:05'),(672,'{\"Suma\": \"20.85\", \"Dátum\": \"9.1.2026\", \"Názov\": \"Billa\", \"Kategória\": \"Potraviny\"}',1,'The amount field must be an integer.','2026-02-01 22:17:05','2026-02-01 22:17:05'),(673,'{\"Suma\": \"5.67\", \"Dátum\": \"9.1.2026\", \"Názov\": \"Billa\", \"Kategória\": \"Potraviny\"}',1,'The amount field must be an integer.','2026-02-01 22:17:05','2026-02-01 22:17:05'),(674,'{\"Suma\": \"136.56\", \"Dátum\": \"10.1.2026\", \"Názov\": \"Home Credit\", \"Kategória\": \"Dlhy\"}',1,'The amount field must be an integer.','2026-02-01 22:17:05','2026-02-01 22:17:05'),(675,'{\"Suma\": \"2.05\", \"Dátum\": \"10.1.2026\", \"Názov\": \"Billa\", \"Kategória\": \"Potraviny\"}',1,'The amount field must be an integer.','2026-02-01 22:17:05','2026-02-01 22:17:05'),(676,'{\"Suma\": \"10.84\", \"Dátum\": \"10.1.2026\", \"Názov\": \"\", \"Kategória\": \"Lekáreň\"}',1,'The title field is required. The amount field must be an integer.','2026-02-01 22:17:05','2026-02-01 22:17:05'),(677,'{\"Suma\": \"6.30\", \"Dátum\": \"10.1.2026\", \"Názov\": \"Lidl\", \"Kategória\": \"Potraviny\"}',1,'The amount field must be an integer.','2026-02-01 22:17:05','2026-02-01 22:17:05'),(678,'{\"Suma\": \"7.99\", \"Dátum\": \"11.1.2026\", \"Názov\": \"Voyo\", \"Kategória\": \"Online\"}',1,'The amount field must be an integer.','2026-02-01 22:17:05','2026-02-01 22:17:05'),(679,'{\"Suma\": \"4.94\", \"Dátum\": \"11.1.2026\", \"Názov\": \"Tesco\", \"Kategória\": \"Potraviny\"}',1,'The amount field must be an integer.','2026-02-01 22:17:05','2026-02-01 22:17:05'),(680,'{\"Suma\": \"2.04\", \"Dátum\": \"11.1.2026\", \"Názov\": \"Slovnaft\", \"Kategória\": \"Potraviny\"}',1,'The amount field must be an integer.','2026-02-01 22:17:05','2026-02-01 22:17:05'),(681,'{\"Suma\": \"6.13\", \"Dátum\": \"11.1.2026\", \"Názov\": \"Billa\", \"Kategória\": \"Potraviny\"}',1,'The amount field must be an integer.','2026-02-01 22:17:05','2026-02-01 22:17:05'),(682,'{\"Suma\": \"2.90\", \"Dátum\": \"11.1.2026\", \"Názov\": \"Pet Center\", \"Kategória\": \"Mimi\"}',1,'The amount field must be an integer.','2026-02-01 22:17:05','2026-02-01 22:17:05'),(683,'{\"Suma\": \"46.09\", \"Dátum\": \"12.1.2026\", \"Názov\": \"Billa\", \"Kategória\": \"Potraviny\"}',1,'The amount field must be an integer.','2026-02-01 22:17:05','2026-02-01 22:17:05'),(684,'{\"Suma\": \"1.10\", \"Dátum\": \"12.1.2026\", \"Názov\": \"Automat na sladké\", \"Kategória\": \"Pochutiny\"}',1,'The amount field must be an integer.','2026-02-01 22:17:05','2026-02-01 22:17:05'),(685,'{\"Suma\": \"5.99\", \"Dátum\": \"12.1.2026\", \"Názov\": \"Badoo\", \"Kategória\": \"Online\"}',1,'The amount field must be an integer.','2026-02-01 22:17:05','2026-02-01 22:17:05'),(686,'{\"Suma\": \"11.99\", \"Dátum\": \"12.1.2026\", \"Názov\": \"Voyo\", \"Kategória\": \"Online\"}',1,'The amount field must be an integer.','2026-02-01 22:17:05','2026-02-01 22:17:05'),(687,'{\"Suma\": \"8.80\", \"Dátum\": \"12.1.2026\", \"Názov\": \"Veterina odčervenie\", \"Kategória\": \"Mimi\"}',1,'The amount field must be an integer.','2026-02-01 22:17:05','2026-02-01 22:17:05'),(688,'{\"Suma\": \"5.49\", \"Dátum\": \"12.1.2026\", \"Názov\": \"Obi\", \"Kategória\": \"Ostatné\"}',1,'The amount field must be an integer.','2026-02-01 22:17:05','2026-02-01 22:17:05'),(689,'{\"Suma\": \"1.59\", \"Dátum\": \"12.1.2026\", \"Názov\": \"Pet Center\", \"Kategória\": \"Mimi\"}',1,'The amount field must be an integer.','2026-02-01 22:17:05','2026-02-01 22:17:05'),(690,'{\"Suma\": \"0.98\", \"Dátum\": \"12.1.2026\", \"Názov\": \"Lidl\", \"Kategória\": \"Potraviny\"}',1,'The amount field must be an integer.','2026-02-01 22:17:05','2026-02-01 22:17:05'),(691,'{\"Suma\": \"19.90\", \"Dátum\": \"12.1.2026\", \"Názov\": \"Firmáreň\", \"Kategória\": \"Ostatné\"}',1,'The amount field must be an integer.','2026-02-01 22:17:05','2026-02-01 22:17:05'),(692,'{\"Suma\": \"78.53\", \"Dátum\": \"13.1.2026\", \"Názov\": \"Predoperačné vyšetrenie\", \"Kategória\": \"Mimi\"}',1,'The amount field must be an integer.','2026-02-01 22:17:05','2026-02-01 22:17:05'),(693,'{\"Suma\": \"5.38\", \"Dátum\": \"13.1.2026\", \"Názov\": \"Billa\", \"Kategória\": \"Potraviny\"}',1,'The amount field must be an integer.','2026-02-01 22:17:05','2026-02-01 22:17:05'),(694,'{\"Suma\": \"15.76\", \"Dátum\": \"13.1.2026\", \"Názov\": \"Billa\", \"Kategória\": \"Potraviny\"}',1,'The amount field must be an integer.','2026-02-01 22:17:05','2026-02-01 22:17:05'),(695,'{\"Suma\": \"2.99\", \"Dátum\": \"13.1.2026\", \"Názov\": \"Kraj\", \"Kategória\": \"Potraviny\"}',1,'The amount field must be an integer.','2026-02-01 22:17:05','2026-02-01 22:17:05'),(696,'{\"Suma\": \"2.73\", \"Dátum\": \"13.1.2026\", \"Názov\": \"Kraj\", \"Kategória\": \"Potraviny\"}',1,'The amount field must be an integer.','2026-02-01 22:17:05','2026-02-01 22:17:05'),(697,'{\"Suma\": \"10.59\", \"Dátum\": \"14.1.2026\", \"Názov\": \"Dr. Max\", \"Kategória\": \"Lekáreň\"}',1,'The amount field must be an integer.','2026-02-01 22:17:05','2026-02-01 22:17:05'),(698,'{\"Suma\": \"2.11\", \"Dátum\": \"14.1.2026\", \"Názov\": \"Billa\", \"Kategória\": \"Potraviny\"}',1,'The amount field must be an integer.','2026-02-01 22:17:05','2026-02-01 22:17:05'),(699,'{\"Suma\": \"3.79\", \"Dátum\": \"14.1.2026\", \"Názov\": \"Tesco\", \"Kategória\": \"Potraviny\"}',1,'The amount field must be an integer.','2026-02-01 22:17:05','2026-02-01 22:17:05'),(700,'{\"Suma\": \"1.99\", \"Dátum\": \"15.1.2026\", \"Názov\": \"Kraj\", \"Kategória\": \"Potraviny\"}',1,'The amount field must be an integer.','2026-02-01 22:17:05','2026-02-01 22:17:05'),(701,'{\"Suma\": \"2.50\", \"Dátum\": \"15.1.2026\", \"Názov\": \"Bunda\", \"Kategória\": \"Oblečenie\"}',1,'The amount field must be an integer.','2026-02-01 22:17:05','2026-02-01 22:17:05'),(702,'{\"Suma\": \"1.10\", \"Dátum\": \"15.1.2026\", \"Názov\": \"Automat na sladké\", \"Kategória\": \"Pochutiny\"}',1,'The amount field must be an integer.','2026-02-01 22:17:05','2026-02-01 22:17:05'),(703,'{\"Suma\": \"5.40\", \"Dátum\": \"16.1.2026\", \"Názov\": \"Veterina\", \"Kategória\": \"Mimi\"}',1,'The amount field must be an integer.','2026-02-01 22:17:05','2026-02-01 22:17:05'),(704,'{\"Suma\": \"5.09\", \"Dátum\": \"16.1.2026\", \"Názov\": \"Lidl\", \"Kategória\": \"Potraviny\"}',1,'The amount field must be an integer.','2026-02-01 22:17:05','2026-02-01 22:17:05'),(705,'{\"Suma\": \"2.50\", \"Dátum\": \"16.1.2026\", \"Názov\": \"Planétka\", \"Kategória\": \"Pochutiny\"}',1,'The amount field must be an integer.','2026-02-01 22:17:05','2026-02-01 22:17:05'),(706,'{\"Suma\": \"4.26\", \"Dátum\": \"17.1.2026\", \"Názov\": \"Tesco\", \"Kategória\": \"Potraviny\"}',1,'The amount field must be an integer.','2026-02-01 22:17:05','2026-02-01 22:17:05'),(707,'{\"Suma\": \"33.07\", \"Dátum\": \"17.1.2026\", \"Názov\": \"Billa\", \"Kategória\": \"Potraviny\"}',1,'The amount field must be an integer.','2026-02-01 22:17:05','2026-02-01 22:17:05'),(708,'{\"Suma\": \"2.79\", \"Dátum\": \"17.1.2026\", \"Názov\": \"Tesco\", \"Kategória\": \"Potraviny\"}',1,'The amount field must be an integer.','2026-02-01 22:17:05','2026-02-01 22:17:05'),(709,'{\"Suma\": \"2.99\", \"Dátum\": \"18.1.2026\", \"Názov\": \"Apple iCloud\", \"Kategória\": \"Online\"}',1,'The amount field must be an integer.','2026-02-01 22:17:05','2026-02-01 22:17:05'),(710,'{\"Suma\": \"2.69\", \"Dátum\": \"18.1.2026\", \"Názov\": \"Potraviny Julka\", \"Kategória\": \"Potraviny\"}',1,'The amount field must be an integer.','2026-02-01 22:17:05','2026-02-01 22:17:05'),(711,'{\"Suma\": \"5.76\", \"Dátum\": \"18.1.2026\", \"Názov\": \"Tesco\", \"Kategória\": \"Potraviny\"}',1,'The amount field must be an integer.','2026-02-01 22:17:05','2026-02-01 22:17:05'),(712,'{\"Suma\": \"5.99\", \"Dátum\": \"19.1.2026\", \"Názov\": \"Apple\", \"Kategória\": \"Online\"}',1,'The amount field must be an integer.','2026-02-01 22:17:05','2026-02-01 22:17:05'),(713,'{\"Suma\": \"1.78\", \"Dátum\": \"19.1.2026\", \"Názov\": \"OBI\", \"Kategória\": \"Ostatné\"}',1,'The amount field must be an integer.','2026-02-01 22:17:05','2026-02-01 22:17:05'),(714,'{\"Suma\": \"1.18\", \"Dátum\": \"19.1.2026\", \"Názov\": \"Tesco\", \"Kategória\": \"Potraviny\"}',1,'The amount field must be an integer.','2026-02-01 22:17:05','2026-02-01 22:17:05'),(715,'{\"Suma\": \"5.17\", \"Dátum\": \"19.1.2026\", \"Názov\": \"Pet Center\", \"Kategória\": \"Mimi\"}',1,'The amount field must be an integer.','2026-02-01 22:17:05','2026-02-01 22:17:05'),(716,'{\"Suma\": \"4.99\", \"Dátum\": \"20.1.2026\", \"Názov\": \"Billa\", \"Kategória\": \"Potraviny\"}',1,'The amount field must be an integer.','2026-02-01 22:17:05','2026-02-01 22:17:05'),(717,'{\"Suma\": \"0.90\", \"Dátum\": \"20.1.2026\", \"Názov\": \"Automat na sladké\", \"Kategória\": \"Pochutiny\"}',1,'The amount field must be an integer.','2026-02-01 22:17:05','2026-02-01 22:17:05'),(718,'{\"Suma\": \"20.99\", \"Dátum\": \"20.1.2026\", \"Názov\": \"YouTube Premium\", \"Kategória\": \"Online\"}',1,'The amount field must be an integer.','2026-02-01 22:17:05','2026-02-01 22:17:05'),(719,'{\"Suma\": \"38.20\", \"Dátum\": \"20.1.2026\", \"Názov\": \"Billa\", \"Kategória\": \"Potraviny\"}',1,'The amount field must be an integer.','2026-02-01 22:17:05','2026-02-01 22:17:05'),(720,'{\"Suma\": \"2.53\", \"Dátum\": \"21.1.2026\", \"Názov\": \"Kraj\", \"Kategória\": \"Potraviny\"}',1,'The amount field must be an integer.','2026-02-01 22:17:05','2026-02-01 22:17:05'),(721,'{\"Suma\": \"1.10\", \"Dátum\": \"21.1.2026\", \"Názov\": \"Automat na sladké\", \"Kategória\": \"Pochutiny\"}',1,'The amount field must be an integer.','2026-02-01 22:17:05','2026-02-01 22:17:05'),(722,'{\"Suma\": \"8.85\", \"Dátum\": \"22.1.2026\", \"Názov\": \"Billa\", \"Kategória\": \"Potraviny\"}',1,'The amount field must be an integer.','2026-02-01 22:17:05','2026-02-01 22:17:05'),(723,'{\"Suma\": \"5.24\", \"Dátum\": \"22.1.2026\", \"Názov\": \"Veterinka\", \"Kategória\": \"Mimi\"}',1,'The amount field must be an integer.','2026-02-01 22:17:05','2026-02-01 22:17:05'),(724,'{\"Suma\": \"2.84\", \"Dátum\": \"22.1.2026\", \"Názov\": \"Malina\", \"Kategória\": \"Potraviny\"}',1,'The amount field must be an integer.','2026-02-01 22:17:05','2026-02-01 22:17:05'),(725,'{\"Suma\": \"3.17\", \"Dátum\": \"23.1.2026\", \"Názov\": \"Billa\", \"Kategória\": \"Potraviny\"}',1,'The amount field must be an integer.','2026-02-01 22:17:05','2026-02-01 22:17:05'),(726,'{\"Suma\": \"3.98\", \"Dátum\": \"23.1.2026\", \"Názov\": \"Pet Center\", \"Kategória\": \"Mimi\"}',1,'The amount field must be an integer.','2026-02-01 22:17:05','2026-02-01 22:17:05'),(727,'{\"Suma\": \"33.63\", \"Dátum\": \"23.1.2026\", \"Názov\": \"Billa\", \"Kategória\": \"Potraviny\"}',1,'The amount field must be an integer.','2026-02-01 22:17:05','2026-02-01 22:17:05'),(728,'{\"Suma\": \"9.90\", \"Dátum\": \"23.1.2026\", \"Názov\": \"Starbucks\", \"Kategória\": \"Pochutiny\"}',1,'The amount field must be an integer.','2026-02-01 22:17:05','2026-02-01 22:17:05'),(729,'{\"Suma\": \"20.99\", \"Dátum\": \"24.1.2026\", \"Názov\": \"YouTube Premium\", \"Kategória\": \"Online\"}',1,'The amount field must be an integer.','2026-02-01 22:17:05','2026-02-01 22:17:05'),(730,'{\"Suma\": \"3.35\", \"Dátum\": \"24.1.2026\", \"Názov\": \"Tesco\", \"Kategória\": \"Potraviny\"}',1,'The amount field must be an integer.','2026-02-01 22:17:05','2026-02-01 22:17:05'),(731,'{\"Suma\": \"11.63\", \"Dátum\": \"24.1.2026\", \"Názov\": \"Alza - rybičky\", \"Kategória\": \"Ostatné\"}',1,'The amount field must be an integer.','2026-02-01 22:17:05','2026-02-01 22:17:05'),(732,'{\"Suma\": \"3.35\", \"Dátum\": \"25.1.2026\", \"Názov\": \"Lidl\", \"Kategória\": \"Potraviny\"}',1,'The amount field must be an integer.','2026-02-01 22:17:05','2026-02-01 22:17:05'),(733,'{\"Suma\": \"5.97\", \"Dátum\": \"25.1.2026\", \"Názov\": \"Pet Center\", \"Kategória\": \"Mimi\"}',1,'The amount field must be an integer.','2026-02-01 22:17:05','2026-02-01 22:17:05'),(734,'{\"Suma\": \"3.49\", \"Dátum\": \"25.1.2026\", \"Názov\": \"Môj obchod\", \"Kategória\": \"Potraviny\"}',1,'The amount field must be an integer.','2026-02-01 22:17:05','2026-02-01 22:17:05'),(735,'{\"Suma\": \"5.41\", \"Dátum\": \"25.1.2026\", \"Názov\": \"Billa\", \"Kategória\": \"Potraviny\"}',1,'The amount field must be an integer.','2026-02-01 22:17:05','2026-02-01 22:17:05'),(736,'{\"Suma\": \"1.10\", \"Dátum\": \"25.1.2026\", \"Názov\": \"Automat na sladké\", \"Kategória\": \"Pochutiny\"}',1,'The amount field must be an integer.','2026-02-01 22:17:05','2026-02-01 22:17:05'),(737,'{\"Suma\": \"3.48\", \"Dátum\": \"26.1.2026\", \"Názov\": \"Kraj\", \"Kategória\": \"Potraviny\"}',1,'The amount field must be an integer.','2026-02-01 22:17:05','2026-02-01 22:17:05'),(738,'{\"Suma\": \"1.44\", \"Dátum\": \"26.1.2026\", \"Názov\": \"Lidl raňajky\", \"Kategória\": \"Potraviny\"}',1,'The amount field must be an integer.','2026-02-01 22:17:05','2026-02-01 22:17:05'),(739,'{\"Suma\": \"2.69\", \"Dátum\": \"26.1.2026\", \"Názov\": \"OBI - Tmel\", \"Kategória\": \"Ostatné\"}',1,'The amount field must be an integer.','2026-02-01 22:17:05','2026-02-01 22:17:05');
/*!40000 ALTER TABLE `failed_import_rows` ENABLE KEYS */;
UNLOCK TABLES;
DROP TABLE IF EXISTS `failed_jobs`;
/*!40101 SET @saved_cs_client     = @@character_set_client */;
/*!50503 SET character_set_client = utf8mb4 */;
CREATE TABLE `failed_jobs` (
  `id` bigint unsigned NOT NULL AUTO_INCREMENT,
  `uuid` varchar(255) CHARACTER SET utf8mb4 COLLATE utf8mb4_unicode_ci NOT NULL,
  `connection` text CHARACTER SET utf8mb4 COLLATE utf8mb4_unicode_ci NOT NULL,
  `queue` text CHARACTER SET utf8mb4 COLLATE utf8mb4_unicode_ci NOT NULL,
  `payload` longtext CHARACTER SET utf8mb4 COLLATE utf8mb4_unicode_ci NOT NULL,
  `exception` longtext CHARACTER SET utf8mb4 COLLATE utf8mb4_unicode_ci NOT NULL,
  `failed_at` timestamp NOT NULL DEFAULT CURRENT_TIMESTAMP,
  PRIMARY KEY (`id`),
  UNIQUE KEY `failed_jobs_uuid_unique` (`uuid`)
) ENGINE=InnoDB DEFAULT CHARSET=utf8mb4 COLLATE=utf8mb4_unicode_ci;
/*!40101 SET character_set_client = @saved_cs_client */;

LOCK TABLES `failed_jobs` WRITE;
/*!40000 ALTER TABLE `failed_jobs` DISABLE KEYS */;
/*!40000 ALTER TABLE `failed_jobs` ENABLE KEYS */;
UNLOCK TABLES;
DROP TABLE IF EXISTS `imports`;
/*!40101 SET @saved_cs_client     = @@character_set_client */;
/*!50503 SET character_set_client = utf8mb4 */;
CREATE TABLE `imports` (
  `id` bigint unsigned NOT NULL AUTO_INCREMENT,
  `completed_at` timestamp NULL DEFAULT NULL,
  `file_name` varchar(255) CHARACTER SET utf8mb4 COLLATE utf8mb4_unicode_ci NOT NULL,
  `file_path` varchar(255) CHARACTER SET utf8mb4 COLLATE utf8mb4_unicode_ci NOT NULL,
  `importer` varchar(255) CHARACTER SET utf8mb4 COLLATE utf8mb4_unicode_ci NOT NULL,
  `processed_rows` int unsigned NOT NULL DEFAULT '0',
  `total_rows` int unsigned NOT NULL,
  `successful_rows` int unsigned NOT NULL DEFAULT '0',
  `user_id` bigint unsigned NOT NULL,
  `created_at` timestamp NULL DEFAULT NULL,
  `updated_at` timestamp NULL DEFAULT NULL,
  PRIMARY KEY (`id`),
  KEY `imports_user_id_foreign` (`user_id`),
  CONSTRAINT `imports_user_id_foreign` FOREIGN KEY (`user_id`) REFERENCES `users` (`id`) ON DELETE CASCADE
) ENGINE=InnoDB AUTO_INCREMENT=2 DEFAULT CHARSET=utf8mb4 COLLATE=utf8mb4_unicode_ci;
/*!40101 SET character_set_client = @saved_cs_client */;

LOCK TABLES `imports` WRITE;
/*!40000 ALTER TABLE `imports` DISABLE KEYS */;
INSERT INTO `imports` VALUES (1,'2026-02-01 22:17:06','Finance.csv','/var/www/html/storage/app/private/livewire-tmp/oSWVOdC8APhEpBOGyHBjnR8rrAnv3F-metaRmluYW5jZS5jc3Y=-.csv','App\\Filament\\Imports\\SpendImporter',83,83,10,1,'2026-02-01 22:17:03','2026-02-01 22:17:06');
/*!40000 ALTER TABLE `imports` ENABLE KEYS */;
UNLOCK TABLES;
DROP TABLE IF EXISTS `job_batches`;
/*!40101 SET @saved_cs_client     = @@character_set_client */;
/*!50503 SET character_set_client = utf8mb4 */;
CREATE TABLE `job_batches` (
  `id` varchar(255) CHARACTER SET utf8mb4 COLLATE utf8mb4_unicode_ci NOT NULL,
  `name` varchar(255) CHARACTER SET utf8mb4 COLLATE utf8mb4_unicode_ci NOT NULL,
  `total_jobs` int NOT NULL,
  `pending_jobs` int NOT NULL,
  `failed_jobs` int NOT NULL,
  `failed_job_ids` longtext CHARACTER SET utf8mb4 COLLATE utf8mb4_unicode_ci NOT NULL,
  `options` mediumtext CHARACTER SET utf8mb4 COLLATE utf8mb4_unicode_ci,
  `cancelled_at` int DEFAULT NULL,
  `created_at` int NOT NULL,
  `finished_at` int DEFAULT NULL,
  PRIMARY KEY (`id`)
) ENGINE=InnoDB DEFAULT CHARSET=utf8mb4 COLLATE=utf8mb4_unicode_ci;
/*!40101 SET character_set_client = @saved_cs_client */;

LOCK TABLES `job_batches` WRITE;
/*!40000 ALTER TABLE `job_batches` DISABLE KEYS */;
INSERT INTO `job_batches` VALUES ('a0faa817-39a7-477f-af19-1d9590d94637','',1,0,0,'[]','a:2:{s:13:\"allowFailures\";b:1;s:7:\"finally\";a:1:{i:0;O:47:\"Laravel\\SerializableClosure\\SerializableClosure\":1:{s:12:\"serializable\";O:46:\"Laravel\\SerializableClosure\\Serializers\\Signed\":2:{s:12:\"serializable\";s:3663:\"O:46:\"Laravel\\SerializableClosure\\Serializers\\Native\":5:{s:3:\"use\";a:5:{s:9:\"authGuard\";s:3:\"web\";s:9:\"columnMap\";a:4:{s:4:\"date\";s:6:\"Dátum\";s:5:\"title\";s:6:\"Názov\";s:8:\"category\";s:10:\"Kategória\";s:6:\"amount\";s:4:\"Suma\";}s:6:\"import\";O:45:\"Illuminate\\Contracts\\Database\\ModelIdentifier\":5:{s:5:\"class\";s:38:\"Filament\\Actions\\Imports\\Models\\Import\";s:2:\"id\";i:1;s:9:\"relations\";a:0:{}s:10:\"connection\";s:5:\"mysql\";s:15:\"collectionClass\";N;}s:13:\"jobConnection\";N;s:7:\"options\";a:0:{}}s:8:\"function\";s:3036:\"function () use ($authGuard, $columnMap, $import, $jobConnection, $options): void {\n                    $import->touch(\'completed_at\');\n\n                    event(new \\Filament\\Actions\\Imports\\Events\\ImportCompleted($import, $columnMap, $options));\n\n                    if (! $import->user instanceof \\Illuminate\\Contracts\\Auth\\Authenticatable) { /** @phpstan-ignore instanceof.alwaysTrue */\n                        return;\n                    }\n\n                    $failedRowsCount = $import->getFailedRowsCount();\n\n                    \\Filament\\Notifications\\Notification::make()\n                        ->title($import->importer::getCompletedNotificationTitle($import))\n                        ->body($import->importer::getCompletedNotificationBody($import))\n                        ->when(\n                            ! $failedRowsCount,\n                            fn (\\Filament\\Notifications\\Notification $notification) => $notification->success(),\n                        )\n                        ->when(\n                            $failedRowsCount && ($failedRowsCount < $import->total_rows),\n                            fn (\\Filament\\Notifications\\Notification $notification) => $notification->warning(),\n                        )\n                        ->when(\n                            $failedRowsCount === $import->total_rows,\n                            fn (\\Filament\\Notifications\\Notification $notification) => $notification->danger(),\n                        )\n                        ->when(\n                            $failedRowsCount,\n                            fn (\\Filament\\Notifications\\Notification $notification) => $notification->actions([\n                                \\Filament\\Actions\\Action::make(\'downloadFailedRowsCsv\')\n                                    ->label(trans_choice(\'filament-actions::import.notifications.completed.actions.download_failed_rows_csv.label\', $failedRowsCount, [\n                                        \'count\' => \\Illuminate\\Support\\Number::format($failedRowsCount),\n                                    ]))\n                                    ->color(\'danger\')\n                                    ->url(\\Illuminate\\Support\\Facades\\URL::signedRoute(\'filament.imports.failed-rows.download\', [\'authGuard\' => $authGuard, \'import\' => $import], absolute: false), shouldOpenInNewTab: true)\n                                    ->markAsRead(),\n                            ]),\n                        )\n                        ->when(\n                            ($jobConnection === \'sync\') ||\n                            (blank($jobConnection) && (config(\'queue.default\') === \'sync\')),\n                            fn (\\Filament\\Notifications\\Notification $notification) => $notification\n                                ->persistent()\n                                ->send(),\n                            fn (\\Filament\\Notifications\\Notification $notification) => $notification->sendToDatabase($import->user, isEventDispatched: true),\n                        );\n                }\";s:5:\"scope\";s:29:\"Filament\\Actions\\ImportAction\";s:4:\"this\";N;s:4:\"self\";s:32:\"0000000000000c0c0000000000000000\";}\";s:4:\"hash\";s:44:\"ggpqMmeNutea3kVCyfy5dEx3rmiqt4/OQ39Ci64TcUA=\";}}}}',NULL,1769984223,1769984226);
/*!40000 ALTER TABLE `job_batches` ENABLE KEYS */;
UNLOCK TABLES;
DROP TABLE IF EXISTS `jobs`;
/*!40101 SET @saved_cs_client     = @@character_set_client */;
/*!50503 SET character_set_client = utf8mb4 */;
CREATE TABLE `jobs` (
  `id` bigint unsigned NOT NULL AUTO_INCREMENT,
  `queue` varchar(255) CHARACTER SET utf8mb4 COLLATE utf8mb4_unicode_ci NOT NULL,
  `payload` longtext CHARACTER SET utf8mb4 COLLATE utf8mb4_unicode_ci NOT NULL,
  `attempts` tinyint unsigned NOT NULL,
  `reserved_at` int unsigned DEFAULT NULL,
  `available_at` int unsigned NOT NULL,
  `created_at` int unsigned NOT NULL,
  PRIMARY KEY (`id`),
  KEY `jobs_queue_index` (`queue`)
) ENGINE=InnoDB AUTO_INCREMENT=34 DEFAULT CHARSET=utf8mb4 COLLATE=utf8mb4_unicode_ci;
/*!40101 SET character_set_client = @saved_cs_client */;

LOCK TABLES `jobs` WRITE;
/*!40000 ALTER TABLE `jobs` DISABLE KEYS */;
/*!40000 ALTER TABLE `jobs` ENABLE KEYS */;
UNLOCK TABLES;
DROP TABLE IF EXISTS `migrations`;
/*!40101 SET @saved_cs_client     = @@character_set_client */;
/*!50503 SET character_set_client = utf8mb4 */;
CREATE TABLE `migrations` (
  `id` int unsigned NOT NULL AUTO_INCREMENT,
  `migration` varchar(255) CHARACTER SET utf8mb4 COLLATE utf8mb4_unicode_ci NOT NULL,
  `batch` int NOT NULL,
  PRIMARY KEY (`id`)
) ENGINE=InnoDB AUTO_INCREMENT=19 DEFAULT CHARSET=utf8mb4 COLLATE=utf8mb4_unicode_ci;
/*!40101 SET character_set_client = @saved_cs_client */;

LOCK TABLES `migrations` WRITE;
/*!40000 ALTER TABLE `migrations` DISABLE KEYS */;
INSERT INTO `migrations` VALUES (1,'0001_01_01_000000_create_users_table',1),(2,'0001_01_01_000001_create_cache_table',1),(3,'0001_01_01_000002_create_jobs_table',1),(4,'2026_01_15_235539_set_up_tickets_module',1),(5,'2026_01_15_235910_set_up_manuals_module',1),(6,'2026_01_15_235937_set_up_outbounds_module',1),(8,'2026_02_01_210734_create_app_spend_categories_table',2),(11,'2026_02_01_210728_create_app_spends_table',3),(12,'2026_02_01_213603_create_notifications_table',4),(13,'2026_02_01_213612_create_imports_table',4),(14,'2026_02_01_213613_create_exports_table',4),(15,'2026_02_01_213614_create_failed_import_rows_table',4),(16,'2026_02_07_114152_add_budget_column_to_app_spends_categories_table',5),(17,'2026_02_07_225232_update_app_spends_table',6),(18,'2026_02_10_233640_add_icon_column_to_spend_categories_table',7);
/*!40000 ALTER TABLE `migrations` ENABLE KEYS */;
UNLOCK TABLES;
DROP TABLE IF EXISTS `notifications`;
/*!40101 SET @saved_cs_client     = @@character_set_client */;
/*!50503 SET character_set_client = utf8mb4 */;
CREATE TABLE `notifications` (
  `id` char(36) CHARACTER SET utf8mb4 COLLATE utf8mb4_unicode_ci NOT NULL,
  `type` varchar(255) CHARACTER SET utf8mb4 COLLATE utf8mb4_unicode_ci NOT NULL,
  `notifiable_type` varchar(255) CHARACTER SET utf8mb4 COLLATE utf8mb4_unicode_ci NOT NULL,
  `notifiable_id` bigint unsigned NOT NULL,
  `data` text CHARACTER SET utf8mb4 COLLATE utf8mb4_unicode_ci NOT NULL,
  `read_at` timestamp NULL DEFAULT NULL,
  `created_at` timestamp NULL DEFAULT NULL,
  `updated_at` timestamp NULL DEFAULT NULL,
  PRIMARY KEY (`id`),
  KEY `notifications_notifiable_type_notifiable_id_index` (`notifiable_type`,`notifiable_id`)
) ENGINE=InnoDB DEFAULT CHARSET=utf8mb4 COLLATE=utf8mb4_unicode_ci;
/*!40101 SET character_set_client = @saved_cs_client */;

LOCK TABLES `notifications` WRITE;
/*!40000 ALTER TABLE `notifications` DISABLE KEYS */;
INSERT INTO `notifications` VALUES ('1c321d27-5b6b-4b46-a1d1-16874fa55472','Filament\\Notifications\\DatabaseNotification','App\\Models\\User',1,'{\"actions\":[{\"name\":\"downloadFailedRowsCsv\",\"color\":\"danger\",\"event\":null,\"eventData\":[],\"dispatchDirection\":false,\"dispatchToComponent\":null,\"extraAttributes\":[],\"icon\":null,\"iconPosition\":\"before\",\"iconSize\":null,\"isOutlined\":false,\"isDisabled\":false,\"label\":\"Download information about the failed row\",\"shouldClose\":false,\"shouldMarkAsRead\":true,\"shouldMarkAsUnread\":false,\"shouldOpenUrlInNewTab\":true,\"shouldPostToUrl\":false,\"size\":\"sm\",\"tooltip\":null,\"url\":\"\\/filament\\/imports\\/8\\/failed-rows\\/download?authGuard=web&signature=bb37d368e98ad2923f0e46a8cb03af7db1e6334c1dfde3cb6fd04044358748ca\",\"view\":\"filament::components.link\"}],\"body\":\"Your spend import has completed and 82 rows imported. 1 row failed to import.\",\"color\":null,\"duration\":\"persistent\",\"icon\":\"heroicon-o-exclamation-circle\",\"iconColor\":\"warning\",\"status\":\"warning\",\"title\":\"Import completed\",\"view\":null,\"viewData\":[],\"format\":\"filament\"}',NULL,'2026-02-01 22:14:29','2026-02-01 22:14:29'),('22560c24-ef1c-448b-9c0d-65142dccadc2','Filament\\Notifications\\DatabaseNotification','App\\Models\\User',1,'{\"actions\":[{\"name\":\"downloadFailedRowsCsv\",\"color\":\"danger\",\"event\":null,\"eventData\":[],\"dispatchDirection\":false,\"dispatchToComponent\":null,\"extraAttributes\":[],\"icon\":null,\"iconPosition\":\"before\",\"iconSize\":null,\"isOutlined\":false,\"isDisabled\":false,\"label\":\"Download information about the failed rows\",\"shouldClose\":false,\"shouldMarkAsRead\":true,\"shouldMarkAsUnread\":false,\"shouldOpenUrlInNewTab\":true,\"shouldPostToUrl\":false,\"size\":\"sm\",\"tooltip\":null,\"url\":\"\\/filament\\/imports\\/1\\/failed-rows\\/download?authGuard=web&signature=b317c77c8a777907d53d6bf0c42bf46bb06fcb03c54675198ab693475e467f3f\",\"view\":\"filament::components.link\"}],\"body\":\"Your spend import has completed and 0 rows imported. 83 rows failed to import.\",\"color\":null,\"duration\":\"persistent\",\"icon\":\"heroicon-o-x-circle\",\"iconColor\":\"danger\",\"status\":\"danger\",\"title\":\"Import completed\",\"view\":null,\"viewData\":[],\"format\":\"filament\"}',NULL,'2026-02-01 21:53:33','2026-02-01 21:53:33'),('60c067b1-8f81-4a2b-a970-794ae9e8ae40','Filament\\Notifications\\DatabaseNotification','App\\Models\\User',1,'{\"actions\":[{\"name\":\"downloadFailedRowsCsv\",\"color\":\"danger\",\"event\":null,\"eventData\":[],\"dispatchDirection\":false,\"dispatchToComponent\":null,\"extraAttributes\":[],\"icon\":null,\"iconPosition\":\"before\",\"iconSize\":null,\"isOutlined\":false,\"isDisabled\":false,\"label\":\"Download information about the failed rows\",\"shouldClose\":false,\"shouldMarkAsRead\":true,\"shouldMarkAsUnread\":false,\"shouldOpenUrlInNewTab\":true,\"shouldPostToUrl\":false,\"size\":\"sm\",\"tooltip\":null,\"url\":\"\\/filament\\/imports\\/4\\/failed-rows\\/download?authGuard=web&signature=738ee1a2adcd8f14631ab60f88ea4751b9adf54e94d0be397b85dd5129cb7c04\",\"view\":\"filament::components.link\"}],\"body\":\"Your spend import has completed and 0 rows imported. 83 rows failed to import.\",\"color\":null,\"duration\":\"persistent\",\"icon\":\"heroicon-o-x-circle\",\"iconColor\":\"danger\",\"status\":\"danger\",\"title\":\"Import completed\",\"view\":null,\"viewData\":[],\"format\":\"filament\"}',NULL,'2026-02-01 22:04:07','2026-02-01 22:04:07'),('6d7222a6-6f2f-4dc1-af52-bd8b828c2bf0','Filament\\Notifications\\DatabaseNotification','App\\Models\\User',1,'{\"actions\":[{\"name\":\"downloadFailedRowsCsv\",\"color\":\"danger\",\"event\":null,\"eventData\":[],\"dispatchDirection\":false,\"dispatchToComponent\":null,\"extraAttributes\":[],\"icon\":null,\"iconPosition\":\"before\",\"iconSize\":null,\"isOutlined\":false,\"isDisabled\":false,\"label\":\"Download information about the failed row\",\"shouldClose\":false,\"shouldMarkAsRead\":true,\"shouldMarkAsUnread\":false,\"shouldOpenUrlInNewTab\":true,\"shouldPostToUrl\":false,\"size\":\"sm\",\"tooltip\":null,\"url\":\"\\/filament\\/imports\\/6\\/failed-rows\\/download?authGuard=web&signature=50c59d6e948723142c246c8f161e863f353f727c13c61ad3684d159006fe6fed\",\"view\":\"filament::components.link\"}],\"body\":\"Your spend import has completed and 82 rows imported. 1 row failed to import.\",\"color\":null,\"duration\":\"persistent\",\"icon\":\"heroicon-o-exclamation-circle\",\"iconColor\":\"warning\",\"status\":\"warning\",\"title\":\"Import completed\",\"view\":null,\"viewData\":[],\"format\":\"filament\"}',NULL,'2026-02-01 22:08:06','2026-02-01 22:08:06'),('ceed4459-43b1-4ce9-b08c-09421132d619','Filament\\Notifications\\DatabaseNotification','App\\Models\\User',1,'{\"actions\":[{\"name\":\"downloadFailedRowsCsv\",\"color\":\"danger\",\"event\":null,\"eventData\":[],\"dispatchDirection\":false,\"dispatchToComponent\":null,\"extraAttributes\":[],\"icon\":null,\"iconPosition\":\"before\",\"iconSize\":null,\"isOutlined\":false,\"isDisabled\":false,\"label\":\"Download information about the failed rows\",\"shouldClose\":false,\"shouldMarkAsRead\":true,\"shouldMarkAsUnread\":false,\"shouldOpenUrlInNewTab\":true,\"shouldPostToUrl\":false,\"size\":\"sm\",\"tooltip\":null,\"url\":\"\\/filament\\/imports\\/5\\/failed-rows\\/download?authGuard=web&signature=71a7d34b151cf3f901a3a20b34da0e1b30be3a3b3eb66ff9210f667bb6e478a3\",\"view\":\"filament::components.link\"}],\"body\":\"Your spend import has completed and 0 rows imported. 83 rows failed to import.\",\"color\":null,\"duration\":\"persistent\",\"icon\":\"heroicon-o-x-circle\",\"iconColor\":\"danger\",\"status\":\"danger\",\"title\":\"Import completed\",\"view\":null,\"viewData\":[],\"format\":\"filament\"}',NULL,'2026-02-01 22:07:14','2026-02-01 22:07:14'),('dbaf3c85-d91e-4565-971e-b6784e745625','Filament\\Notifications\\DatabaseNotification','App\\Models\\User',1,'{\"actions\":[{\"name\":\"downloadFailedRowsCsv\",\"color\":\"danger\",\"event\":null,\"eventData\":[],\"dispatchDirection\":false,\"dispatchToComponent\":null,\"extraAttributes\":[],\"icon\":null,\"iconPosition\":\"before\",\"iconSize\":null,\"isOutlined\":false,\"isDisabled\":false,\"label\":\"Download information about the failed rows\",\"shouldClose\":false,\"shouldMarkAsRead\":true,\"shouldMarkAsUnread\":false,\"shouldOpenUrlInNewTab\":true,\"shouldPostToUrl\":false,\"size\":\"sm\",\"tooltip\":null,\"url\":\"\\/filament\\/imports\\/3\\/failed-rows\\/download?authGuard=web&signature=e8e4da32a52c128e8d275c3e7c8eb328a4b63667f63cd955a53df842bef41b42\",\"view\":\"filament::components.link\"}],\"body\":\"Your spend import has completed and 0 rows imported. 83 rows failed to import.\",\"color\":null,\"duration\":\"persistent\",\"icon\":\"heroicon-o-x-circle\",\"iconColor\":\"danger\",\"status\":\"danger\",\"title\":\"Import completed\",\"view\":null,\"viewData\":[],\"format\":\"filament\"}',NULL,'2026-02-01 22:03:32','2026-02-01 22:03:32'),('de4cef50-112c-4b9f-afbd-b96b2f887fca','Filament\\Notifications\\DatabaseNotification','App\\Models\\User',1,'{\"actions\":[{\"name\":\"downloadFailedRowsCsv\",\"color\":\"danger\",\"event\":null,\"eventData\":[],\"dispatchDirection\":false,\"dispatchToComponent\":null,\"extraAttributes\":[],\"icon\":null,\"iconPosition\":\"before\",\"iconSize\":null,\"isOutlined\":false,\"isDisabled\":false,\"label\":\"Download information about the failed rows\",\"shouldClose\":false,\"shouldMarkAsRead\":true,\"shouldMarkAsUnread\":false,\"shouldOpenUrlInNewTab\":true,\"shouldPostToUrl\":false,\"size\":\"sm\",\"tooltip\":null,\"url\":\"\\/filament\\/imports\\/2\\/failed-rows\\/download?authGuard=web&signature=918c79e42557f826516f8d64ad134e52943ed4a39b69377c93e5868ad2ac6bee\",\"view\":\"filament::components.link\"}],\"body\":\"Your spend import has completed and 0 rows imported. 83 rows failed to import.\",\"color\":null,\"duration\":\"persistent\",\"icon\":\"heroicon-o-x-circle\",\"iconColor\":\"danger\",\"status\":\"danger\",\"title\":\"Import completed\",\"view\":null,\"viewData\":[],\"format\":\"filament\"}',NULL,'2026-02-01 21:55:03','2026-02-01 21:55:03'),('e2e3f0a1-c8dd-4286-b2c8-a24e3bbe6c2d','Filament\\Notifications\\DatabaseNotification','App\\Models\\User',1,'{\"actions\":[{\"name\":\"downloadFailedRowsCsv\",\"color\":\"danger\",\"event\":null,\"eventData\":[],\"dispatchDirection\":false,\"dispatchToComponent\":null,\"extraAttributes\":[],\"icon\":null,\"iconPosition\":\"before\",\"iconSize\":null,\"isOutlined\":false,\"isDisabled\":false,\"label\":\"Download information about the failed rows\",\"shouldClose\":false,\"shouldMarkAsRead\":true,\"shouldMarkAsUnread\":false,\"shouldOpenUrlInNewTab\":true,\"shouldPostToUrl\":false,\"size\":\"sm\",\"tooltip\":null,\"url\":\"\\/filament\\/imports\\/1\\/failed-rows\\/download?authGuard=web&signature=b317c77c8a777907d53d6bf0c42bf46bb06fcb03c54675198ab693475e467f3f\",\"view\":\"filament::components.link\"}],\"body\":\"Your spend import has completed and 0 rows imported. 83 rows failed to import.\",\"color\":null,\"duration\":\"persistent\",\"icon\":\"heroicon-o-x-circle\",\"iconColor\":\"danger\",\"status\":\"danger\",\"title\":\"Import completed\",\"view\":null,\"viewData\":[],\"format\":\"filament\"}',NULL,'2026-02-01 21:57:34','2026-02-01 21:57:34'),('eeb37b5c-bf95-49f8-8f28-e8367eb1883d','Filament\\Notifications\\DatabaseNotification','App\\Models\\User',1,'{\"actions\":[{\"name\":\"downloadFailedRowsCsv\",\"color\":\"danger\",\"event\":null,\"eventData\":[],\"dispatchDirection\":false,\"dispatchToComponent\":null,\"extraAttributes\":[],\"icon\":null,\"iconPosition\":\"before\",\"iconSize\":null,\"isOutlined\":false,\"isDisabled\":false,\"label\":\"Download information about the failed rows\",\"shouldClose\":false,\"shouldMarkAsRead\":true,\"shouldMarkAsUnread\":false,\"shouldOpenUrlInNewTab\":true,\"shouldPostToUrl\":false,\"size\":\"sm\",\"tooltip\":null,\"url\":\"\\/filament\\/imports\\/1\\/failed-rows\\/download?authGuard=web&signature=b317c77c8a777907d53d6bf0c42bf46bb06fcb03c54675198ab693475e467f3f\",\"view\":\"filament::components.link\"}],\"body\":\"Your spend import has completed and 10 rows imported. 73 rows failed to import.\",\"color\":null,\"duration\":\"persistent\",\"icon\":\"heroicon-o-exclamation-circle\",\"iconColor\":\"warning\",\"status\":\"warning\",\"title\":\"Import completed\",\"view\":null,\"viewData\":[],\"format\":\"filament\"}',NULL,'2026-02-01 22:17:06','2026-02-01 22:17:06'),('faed82e9-fa86-4fd3-a422-94dd0cc8285a','Filament\\Notifications\\DatabaseNotification','App\\Models\\User',1,'{\"actions\":[{\"name\":\"downloadFailedRowsCsv\",\"color\":\"danger\",\"event\":null,\"eventData\":[],\"dispatchDirection\":false,\"dispatchToComponent\":null,\"extraAttributes\":[],\"icon\":null,\"iconPosition\":\"before\",\"iconSize\":null,\"isOutlined\":false,\"isDisabled\":false,\"label\":\"Download information about the failed rows\",\"shouldClose\":false,\"shouldMarkAsRead\":true,\"shouldMarkAsUnread\":false,\"shouldOpenUrlInNewTab\":true,\"shouldPostToUrl\":false,\"size\":\"sm\",\"tooltip\":null,\"url\":\"\\/filament\\/imports\\/7\\/failed-rows\\/download?authGuard=web&signature=a7e2dcb24d9dff08166773d97aea0340797c56276474c26d3d9eff190614d62e\",\"view\":\"filament::components.link\"}],\"body\":\"Your spend import has completed and 0 rows imported. 83 rows failed to import.\",\"color\":null,\"duration\":\"persistent\",\"icon\":\"heroicon-o-x-circle\",\"iconColor\":\"danger\",\"status\":\"danger\",\"title\":\"Import completed\",\"view\":null,\"viewData\":[],\"format\":\"filament\"}',NULL,'2026-02-01 22:13:49','2026-02-01 22:13:49'),('fdb215cf-975b-4550-b2ff-788c82008603','Filament\\Notifications\\DatabaseNotification','App\\Models\\User',1,'{\"actions\":[{\"name\":\"downloadFailedRowsCsv\",\"color\":\"danger\",\"event\":null,\"eventData\":[],\"dispatchDirection\":false,\"dispatchToComponent\":null,\"extraAttributes\":[],\"icon\":null,\"iconPosition\":\"before\",\"iconSize\":null,\"isOutlined\":false,\"isDisabled\":false,\"label\":\"Download information about the failed rows\",\"shouldClose\":false,\"shouldMarkAsRead\":true,\"shouldMarkAsUnread\":false,\"shouldOpenUrlInNewTab\":true,\"shouldPostToUrl\":false,\"size\":\"sm\",\"tooltip\":null,\"url\":\"\\/filament\\/imports\\/2\\/failed-rows\\/download?authGuard=web&signature=918c79e42557f826516f8d64ad134e52943ed4a39b69377c93e5868ad2ac6bee\",\"view\":\"filament::components.link\"}],\"body\":\"Your spend import has completed and 0 rows imported. 83 rows failed to import.\",\"color\":null,\"duration\":\"persistent\",\"icon\":\"heroicon-o-x-circle\",\"iconColor\":\"danger\",\"status\":\"danger\",\"title\":\"Import completed\",\"view\":null,\"viewData\":[],\"format\":\"filament\"}',NULL,'2026-02-01 22:01:05','2026-02-01 22:01:05');
/*!40000 ALTER TABLE `notifications` ENABLE KEYS */;
UNLOCK TABLES;
DROP TABLE IF EXISTS `password_reset_tokens`;
/*!40101 SET @saved_cs_client     = @@character_set_client */;
/*!50503 SET character_set_client = utf8mb4 */;
CREATE TABLE `password_reset_tokens` (
  `email` varchar(255) CHARACTER SET utf8mb4 COLLATE utf8mb4_unicode_ci NOT NULL,
  `token` varchar(255) CHARACTER SET utf8mb4 COLLATE utf8mb4_unicode_ci NOT NULL,
  `created_at` timestamp NULL DEFAULT NULL,
  PRIMARY KEY (`email`)
) ENGINE=InnoDB DEFAULT CHARSET=utf8mb4 COLLATE=utf8mb4_unicode_ci;
/*!40101 SET character_set_client = @saved_cs_client */;

LOCK TABLES `password_reset_tokens` WRITE;
/*!40000 ALTER TABLE `password_reset_tokens` DISABLE KEYS */;
/*!40000 ALTER TABLE `password_reset_tokens` ENABLE KEYS */;
UNLOCK TABLES;
DROP TABLE IF EXISTS `sessions`;
/*!40101 SET @saved_cs_client     = @@character_set_client */;
/*!50503 SET character_set_client = utf8mb4 */;
CREATE TABLE `sessions` (
  `id` varchar(255) CHARACTER SET utf8mb4 COLLATE utf8mb4_unicode_ci NOT NULL,
  `user_id` bigint unsigned DEFAULT NULL,
  `ip_address` varchar(45) CHARACTER SET utf8mb4 COLLATE utf8mb4_unicode_ci DEFAULT NULL,
  `user_agent` text CHARACTER SET utf8mb4 COLLATE utf8mb4_unicode_ci,
  `payload` longtext CHARACTER SET utf8mb4 COLLATE utf8mb4_unicode_ci NOT NULL,
  `last_activity` int NOT NULL,
  PRIMARY KEY (`id`),
  KEY `sessions_user_id_index` (`user_id`),
  KEY `sessions_last_activity_index` (`last_activity`)
) ENGINE=InnoDB DEFAULT CHARSET=utf8mb4 COLLATE=utf8mb4_unicode_ci;
/*!40101 SET character_set_client = @saved_cs_client */;

LOCK TABLES `sessions` WRITE;
/*!40000 ALTER TABLE `sessions` DISABLE KEYS */;
INSERT INTO `sessions` VALUES ('kD305ot7kCCEkskR9eOL9j6Vnxtke2ngdOxn8XlX',NULL,'172.18.0.1','Mozilla/5.0 (Windows NT 10.0; Win64; x64) AppleWebKit/537.36 (KHTML, like Gecko) Chrome/144.0.0.0 Safari/537.36 Edg/144.0.0.0','YTo0OntzOjY6Il90b2tlbiI7czo0MDoiODZMSnpPVld3Yk1veU5NQ3k5dDQ1enl1SURtUlpDaU81SUhlU2xhNSI7czo5OiJfcHJldmlvdXMiO2E6Mjp7czozOiJ1cmwiO3M6MjE6Imh0dHA6Ly9sb2NhbGhvc3Q6ODAwMCI7czo1OiJyb3V0ZSI7Tjt9czo2OiJfZmxhc2giO2E6Mjp7czozOiJvbGQiO2E6MDp7fXM6MzoibmV3IjthOjA6e319czoxMjoibHcyMzEyOTc4NjQwIjtzOjc6IjIwMjYtMDIiO30=',1770940692);
/*!40000 ALTER TABLE `sessions` ENABLE KEYS */;
UNLOCK TABLES;
DROP TABLE IF EXISTS `users`;
/*!40101 SET @saved_cs_client     = @@character_set_client */;
/*!50503 SET character_set_client = utf8mb4 */;
CREATE TABLE `users` (
  `id` bigint unsigned NOT NULL AUTO_INCREMENT,
  `name` varchar(255) CHARACTER SET utf8mb4 COLLATE utf8mb4_unicode_ci NOT NULL,
  `email` varchar(255) CHARACTER SET utf8mb4 COLLATE utf8mb4_unicode_ci NOT NULL,
  `email_verified_at` timestamp NULL DEFAULT NULL,
  `password` varchar(255) CHARACTER SET utf8mb4 COLLATE utf8mb4_unicode_ci NOT NULL,
  `remember_token` varchar(100) CHARACTER SET utf8mb4 COLLATE utf8mb4_unicode_ci DEFAULT NULL,
  `created_at` timestamp NULL DEFAULT NULL,
  `updated_at` timestamp NULL DEFAULT NULL,
  PRIMARY KEY (`id`),
  UNIQUE KEY `users_email_unique` (`email`)
) ENGINE=InnoDB AUTO_INCREMENT=2 DEFAULT CHARSET=utf8mb4 COLLATE=utf8mb4_unicode_ci;
/*!40101 SET character_set_client = @saved_cs_client */;

LOCK TABLES `users` WRITE;
/*!40000 ALTER TABLE `users` DISABLE KEYS */;
INSERT INTO `users` VALUES (1,'Test User','test@example.com','2026-02-01 21:04:56','$2y$12$GL2OLWsjvRmiLQaJX92a7e2bATZlThPaPp4iIyLh7QmayHHhhw9gi','gKI09n6oZY','2026-02-01 21:04:57','2026-02-01 21:04:57');
/*!40000 ALTER TABLE `users` ENABLE KEYS */;
UNLOCK TABLES;
/*!40103 SET TIME_ZONE=@OLD_TIME_ZONE */;

/*!40101 SET SQL_MODE=@OLD_SQL_MODE */;
/*!40014 SET FOREIGN_KEY_CHECKS=@OLD_FOREIGN_KEY_CHECKS */;
/*!40014 SET UNIQUE_CHECKS=@OLD_UNIQUE_CHECKS */;
/*!40101 SET CHARACTER_SET_CLIENT=@OLD_CHARACTER_SET_CLIENT */;
/*!40101 SET CHARACTER_SET_RESULTS=@OLD_CHARACTER_SET_RESULTS */;
/*!40101 SET COLLATION_CONNECTION=@OLD_COLLATION_CONNECTION */;
/*!40111 SET SQL_NOTES=@OLD_SQL_NOTES */;

